id,level_position,level,section,bs,de,en,tr,sv,nl,nb,da,fr,audio
hallo:Merhaba,1,basics,alltag,Merhaba,Hallo,Hello,Merhaba,Hej,Hallo,Hei,Hej,Salut,web/audio/w0001.mp3
guten tag:Dobar dan,1,basics,alltag,Dobar dan,Guten Tag,Good day,İyi günler,God dag,Goedendag,God dag,Goddag,Bonjour,web/audio/w0002.mp3
guten morgen:Dobro jutro,1,basics,alltag,Dobro jutro,Guten Morgen,Good morning,Günaydın,God morgon,Goedemorgen,God morgen,Godmorgen,Bonjour (le matin),web/audio/w0003.mp3
guten abend:Dobro veče,1,basics,alltag,Dobro veče,Guten Abend,Good evening,İyi akşamlar,God kväll,Goedenavond,God kveld,Godaften,Bonsoir,web/audio/w0004.mp3
gute nacht:Laku noć / Lahku noć,1,basics,alltag,Laku noć / Lahku noć,Gute Nacht,Good night,İyi geceler,God natt,Welterusten,God natt,Godnat,Bonne nuit,web/audio/w2142.mp3
auf wiedersehen:Doviđenja,1,basics,alltag,Doviđenja,Auf Wiedersehen,Goodbye,Hoşça kal,Hej då,Tot ziens,Ha det,Farvel,Au revoir,web/audio/w0006.mp3
tschüss:Ćao,1,basics,alltag,Ćao,Tschüss,Bye,Görüşürüz,Vi ses,Doei,Vi ses,Vi ses,Salut (en partant),web/audio/w0007.mp3
willkommen:Dobro došli,1,basics,alltag,Dobro došli,Willkommen,Welcome,Hoş geldiniz,Välkommen,Welkom,Velkommen,Velkommen,Bienvenue,web/audio/w0008.mp3
ja:Da,1,basics,alltag,Da,Ja,Yes,Evet,Ja,Ja,Ja,Ja,Oui,web/audio/w0009.mp3
nein:Ne,1,basics,alltag,Ne,Nein,No,Hayır,Nej,Nee,Nei,Nej,Non,web/audio/w0010.mp3
danke:Hvala,1,basics,alltag,Hvala,Danke,Thank you,Teşekkürler,Tack,Dank je,Takk,Tak,Merci,web/audio/w0011.mp3
vielen dank:Hvala puno,1,basics,alltag,Hvala puno,Vielen Dank,Thank you very much,Çok teşekkürler,Tack så mycket,Hartelijk dank,Tusen takk,Mange tak,Merci beaucoup,web/audio/w0012.mp3
"bitte (höflich, allgemein):Molim",1,basics,alltag,Molim,"Bitte (höflich, allgemein)",Please / you're welcome (polite),"Lütfen / Rica ederim (kibar, genel)",Varsågod / snälla (artigt),Alstublieft / graag gedaan (beleefd),Vær så god / vær så snill (høflig),Værsgo / vær venlig (høfligt),S'il vous plaît / je vous en prie,web/audio/w0013.mp3
gern geschehen:Nema na čemu,1,basics,alltag,Nema na čemu,Gern geschehen,You are welcome,Rica ederim,Ingen orsak,Graag gedaan,Ingen årsak,Selv tak,De rien,web/audio/w0014.mp3
entschuldigung (du):Izvini,1,basics,alltag,Izvini,Entschuldigung (du),Sorry (informal),Affedersin (sen),Förlåt (du),Sorry (jij),Unnskyld (du),Undskyld (du),Excuse-moi,web/audio/w0015.mp3
entschuldigung (sie):Izvinite,1,basics,alltag,Izvinite,Entschuldigung (Sie),Sorry (formal),Affedersiniz (siz),Ursäkta (ni),Neemt u mij niet kwalijk (u),Unnskyld meg (høflig),Undskyld mig (De),Excusez-moi,web/audio/w0016.mp3
wie geht's dir?:Kako si?,1,basics,alltag,Kako si?,Wie geht's dir?,How are you?,Nasılsın?,Hur mår du?,Hoe gaat het met je?,Hvordan går det med deg?,Hvordan går det med dig?,Comment vas-tu ?,web/audio/w0017.mp3
wie geht es ihnen?:Kako ste?,1,basics,alltag,Kako ste?,Wie geht es Ihnen?,How are you? (formal),Nasılsınız?,Hur mår ni? (artigt),Hoe gaat het met u?,Hvordan går det med Dem?,Hvordan går det med Dem?,Comment allez-vous ?,web/audio/w0018.mp3
gut:Dobro,1,basics,alltag,Dobro,Gut,Good,İyi,Bra,Goed,Bra,Godt,Bien,web/audio/w0019.mp3
schlecht:Loše,1,basics,alltag,Loše,Schlecht,Bad,Kötü,Dåligt,Slecht,Dårlig,Dårligt,Mal,web/audio/w0020.mp3
wie heißt du?:Kako se zoveš?,1,basics,alltag,Kako se zoveš?,Wie heißt du?,What is your name?,Adın ne?,Vad heter du?,Hoe heet je?,Hva heter du?,Hvad hedder du?,Comment tu t'appelles ?,web/audio/w0021.mp3
ich heiße ...:Zovem se ...,1,basics,alltag,Zovem se ...,Ich heiße ...,My name is ...,Benim adım ...,Jag heter ...,Ik heet ...,Jeg heter ...,Jeg hedder ...,Je m'appelle ...,web/audio/w0022.mp3
freut mich:Drago mi je,1,basics,alltag,Drago mi je,Freut mich,Nice to meet you,Memnun oldum,Trevligt att träffas,Aangenaam,Hyggelig å møte deg,Hyggeligt at møde dig,Enchanté,web/audio/w0023.mp3
ich verstehe:Razumijem,1,basics,alltag,Razumijem,Ich verstehe,I understand,Anlıyorum,Jag förstår,Ik begrijp het,Jeg forstår,Jeg forstår,Je comprends,web/audio/w0024.mp3
ich verstehe nicht:Ne razumijem,1,basics,alltag,Ne razumijem,Ich verstehe nicht,I do not understand,Anlamıyorum,Jag förstår inte,Ik begrijp het niet,Jeg forstår ikke,Jeg forstår ikke,Je ne comprends pas,web/audio/w0025.mp3
ich weiß nicht:Ne znam,1,basics,alltag,Ne znam,Ich weiß nicht,I do not know,Bilmiyorum,Jag vet inte,Ik weet het niet,Jeg vet ikke,Det ved jeg ikke,Je ne sais pas,web/audio/w0026.mp3
sprichst du deutsch?:Govoriš li njemački?,1,basics,alltag,Govoriš li njemački?,Sprichst du Deutsch?,Do you speak German?,Almanca konuşuyor musun?,Talar du tyska?,Spreek je Duits?,Snakker du tysk?,Taler du tysk?,Tu parles allemand ?,web/audio/w0027.mp3
ich spreche ein bisschen bosnisch:Govorim malo bosanski,1,basics,alltag,Govorim malo bosanski,Ich spreche ein bisschen Bosnisch,I speak a little Bosnian,Biraz Boşnakça konuşuyorum,Jag talar lite bosniska,Ik spreek een beetje Bosnisch,Jeg snakker litt bosnisk,Jeg taler lidt bosnisk,Je parle un peu bosnien,web/audio/w0028.mp3
in ordnung / okay:U redu,1,basics,alltag,U redu,In Ordnung / Okay,All right / okay,Tamam,Okej,Oké,Greit,I orden / okay,D'accord,web/audio/w0029.mp3
vielleicht:Možda,1,basics,alltag,Možda,Vielleicht,Maybe,Belki,Kanske,Misschien,Kanskje,Måske,Peut-être,web/audio/w0030.mp3
prost!:Živjeli!,1,basics,alltag,Živjeli!,Prost!,Cheers!,Şerefe!,Skål!,Proost!,Skål!,Skål!,Santé !,web/audio/w0031.mp3
guten appetit:Prijatno,1,basics,alltag,Prijatno,Guten Appetit,Enjoy your meal,Afiyet olsun,Smaklig måltid,Eet smakelijk,Vel bekomme,Velbekomme,Bon appétit,web/audio/w0032.mp3
"hallo (neutral, ueberall):Zdravo",1,basics,alltag,Zdravo,"Hallo (neutral, ueberall)","Hello (neutral, anywhere)","Merhaba (nötr, her yerde)","Hej (neutralt, överallt)","Hallo (neutraal, overal)","Hei (nøytralt, overalt)","Hej (neutralt, overalt)","Salut (neutre, partout)",web/audio/w1492.mp3
null:nula,2,zahlen,alltag,nula,null,zero,sıfır,noll,nul,null,nul,zéro,web/audio/w0033.mp3
eins:jedan,2,zahlen,alltag,jedan,eins,one,bir,ett,een,en,en,un,web/audio/w0034.mp3
zwei:dva,2,zahlen,alltag,dva,zwei,two,iki,två,twee,to,to,deux,web/audio/w0035.mp3
drei:tri,2,zahlen,alltag,tri,drei,three,üç,tre,drie,tre,tre,trois,web/audio/w0036.mp3
vier:četiri,2,zahlen,alltag,četiri,vier,four,dört,fyra,vier,fire,fire,quatre,web/audio/w0037.mp3
fünf:pet,2,zahlen,alltag,pet,fünf,five,beş,fem,vijf,fem,fem,cinq,web/audio/w0038.mp3
sechs:šest,2,zahlen,alltag,šest,sechs,six,altı,sex,zes,seks,seks,six,web/audio/w0039.mp3
sieben:sedam,2,zahlen,alltag,sedam,sieben,seven,yedi,sju,zeven,sju,syv,sept,web/audio/w0040.mp3
acht:osam,2,zahlen,alltag,osam,acht,eight,sekiz,åtta,acht,åtte,otte,huit,web/audio/w0041.mp3
neun:devet,2,zahlen,alltag,devet,neun,nine,dokuz,nio,negen,ni,ni,neuf,web/audio/w0042.mp3
zehn:deset,2,zahlen,alltag,deset,zehn,ten,on,tio,tien,ti,ti,dix,web/audio/w0043.mp3
elf:jedanaest,2,zahlen,alltag,jedanaest,elf,eleven,on bir,elva,elf,elleve,elleve,onze,web/audio/w0044.mp3
zwölf:dvanaest,2,zahlen,alltag,dvanaest,zwölf,twelve,on iki,tolv,twaalf,tolv,tolv,douze,web/audio/w0045.mp3
dreizehn:trinaest,2,zahlen,alltag,trinaest,dreizehn,thirteen,on üç,tretton,dertien,tretten,tretten,treize,web/audio/w0046.mp3
vierzehn:četrnaest,2,zahlen,alltag,četrnaest,vierzehn,fourteen,on dört,fjorton,veertien,fjorten,fjorten,quatorze,web/audio/w0047.mp3
fünfzehn:petnaest,2,zahlen,alltag,petnaest,fünfzehn,fifteen,on beş,femton,vijftien,femten,femten,quinze,web/audio/w0048.mp3
sechzehn:šesnaest,2,zahlen,alltag,šesnaest,sechzehn,sixteen,on altı,sexton,zestien,seksten,seksten,seize,web/audio/w0049.mp3
siebzehn:sedamnaest,2,zahlen,alltag,sedamnaest,siebzehn,seventeen,on yedi,sjutton,zeventien,sytten,sytten,dix-sept,web/audio/w0050.mp3
achtzehn:osamnaest,2,zahlen,alltag,osamnaest,achtzehn,eighteen,on sekiz,arton,achttien,atten,atten,dix-huit,web/audio/w0051.mp3
neunzehn:devetnaest,2,zahlen,alltag,devetnaest,neunzehn,nineteen,on dokuz,nitton,negentien,nitten,nitten,dix-neuf,web/audio/w0052.mp3
zwanzig:dvadeset,2,zahlen,alltag,dvadeset,zwanzig,twenty,yirmi,tjugo,twintig,tjue,tyve,vingt,web/audio/w0053.mp3
einundzwanzig:dvadeset jedan,2,zahlen,alltag,dvadeset jedan,einundzwanzig,twenty-one,yirmi bir,tjugoett,eenentwintig,tjueen,enogtyve,vingt et un,web/audio/w0054.mp3
dreißig:trideset,2,zahlen,alltag,trideset,dreißig,thirty,otuz,trettio,dertig,tretti,tredive,trente,web/audio/w0055.mp3
vierzig:četrdeset,2,zahlen,alltag,četrdeset,vierzig,forty,kırk,fyrtio,veertig,førti,fyrre,quarante,web/audio/w0056.mp3
fünfzig:pedeset,2,zahlen,alltag,pedeset,fünfzig,fifty,elli,femtio,vijftig,femti,halvtreds,cinquante,web/audio/w0057.mp3
sechzig:šezdeset,2,zahlen,alltag,šezdeset,sechzig,sixty,altmış,sextio,zestig,seksti,tres,soixante,web/audio/w0058.mp3
siebzig:sedamdeset,2,zahlen,alltag,sedamdeset,siebzig,seventy,yetmiş,sjuttio,zeventig,sytti,halvfjerds,soixante-dix,web/audio/w0059.mp3
achtzig:osamdeset,2,zahlen,alltag,osamdeset,achtzig,eighty,seksen,åttio,tachtig,åtti,firs,quatre-vingts,web/audio/w0060.mp3
neunzig:devedeset,2,zahlen,alltag,devedeset,neunzig,ninety,doksan,nittio,negentig,nitti,halvfems,quatre-vingt-dix,web/audio/w0061.mp3
hundert:sto,2,zahlen,alltag,sto,hundert,one hundred,yüz,hundra,honderd,hundre,hundrede,cent,web/audio/w0062.mp3
zweihundert:dvjesto,2,zahlen,alltag,dvjesto,zweihundert,two hundred,iki yüz,tvåhundra,tweehonderd,to hundre,to hundrede,deux cents,web/audio/w0063.mp3
tausend:hiljada,2,zahlen,alltag,hiljada,tausend,one thousand,bin,tusen,duizend,tusen,tusind,mille,web/audio/w0064.mp3
farbe:boja,3,farben,alltag,boja,Farbe,color,renk,färg,kleur,farge,farve,couleur,web/audio/w0065.mp3
rot:crvena,3,farben,alltag,crvena,rot,red,kırmızı,röd,rood,rød,rød,rouge,web/audio/w0066.mp3
blau:plava,3,farben,alltag,plava,blau,blue,mavi,blå,blauw,blå,blå,bleu,web/audio/w0067.mp3
grün:zelena,3,farben,alltag,zelena,grün,green,yeşil,grön,groen,grønn,grøn,vert,web/audio/w0068.mp3
gelb:žuta,3,farben,alltag,žuta,gelb,yellow,sarı,gul,geel,gul,gul,jaune,web/audio/w0069.mp3
schwarz:crna,3,farben,alltag,crna,schwarz,black,siyah,svart,zwart,svart,sort,noir,web/audio/w0070.mp3
weiß:bijela,3,farben,alltag,bijela,weiß,white,beyaz,vit,wit,hvit,hvid,blanc,web/audio/w0071.mp3
braun:kafena,3,farben,alltag,kafena,braun,brown,kahverengi,brun,bruin,brun,brun,marron,web/audio/w0072.mp3
grau:siva,3,farben,alltag,siva,grau,gray,gri,grå,grijs,grå,grå,gris,web/audio/w0073.mp3
orange:narandžasta,3,farben,alltag,narandžasta,orange,orange,turuncu,orange,oranje,oransje,orange,orange,web/audio/w0074.mp3
lila:ljubičasta,3,farben,alltag,ljubičasta,lila,purple,mor,lila,paars,lilla,lilla,violet,web/audio/w0075.mp3
rosa:roza,3,farben,alltag,roza,rosa,pink,pembe,rosa,roze,rosa,lyserød,rose,web/audio/w0076.mp3
mutter:majka,4,familie,alltag,majka,Mutter,mother,anne,mor,moeder,mor,mor,mère,web/audio/w0077.mp3
mama:mama,4,familie,alltag,mama,Mama,mom,anneciğim,mamma,mama,mamma,mor,maman,web/audio/w0078.mp3
vater:otac,4,familie,alltag,otac,Vater,father,baba,far,vader,far,far,père,web/audio/w0079.mp3
papa (bosnisch):babo,4,familie,alltag,babo,Papa (bosnisch),dad (Bosnian),babacığım (Boşnakça babo),pappa (bosniska babo),papa (Bosnisch babo),pappa (bosnisk babo),far (bosnisk babo),papa (babo en bosnien),web/audio/w0080.mp3
bruder:brat,4,familie,alltag,brat,Bruder,brother,erkek kardeş,bror,broer,bror,bror,frère,web/audio/w0081.mp3
schwester:sestra,4,familie,alltag,sestra,Schwester,sister,kız kardeş,syster,zus,søster,søster,sœur,web/audio/w0082.mp3
sohn:sin,4,familie,alltag,sin,Sohn,son,oğul,son,zoon,sønn,søn,fils,web/audio/w0083.mp3
tochter:kćerka,4,familie,alltag,kćerka,Tochter,daughter,kız evlat,dotter,dochter,datter,datter,fille (enfant),web/audio/w0084.mp3
kind:dijete,4,familie,alltag,dijete,Kind,child,çocuk,barn,kind,barn,barn,enfant,web/audio/w0085.mp3
kinder:djeca,4,familie,alltag,djeca,Kinder,children,çocuklar,barn (flera),kinderen,barn (flere),børn,enfants,web/audio/w0086.mp3
ehefrau:žena,4,familie,alltag,žena,Ehefrau,wife,eş (kadın),hustru,echtgenote,kone,kone,épouse,web/audio/w0087.mp3
ehemann:muž,4,familie,alltag,muž,Ehemann,husband,eş (erkek),make,echtgenoot,ektemann,mand,mari,web/audio/w0088.mp3
oma:nana,4,familie,alltag,nana,Oma,grandma,nine,mormor / farmor,oma,bestemor,bedstemor,grand-mère,web/audio/w0089.mp3
opa:dedo,4,familie,alltag,dedo,Opa,grandpa,dede,morfar / farfar,opa,bestefar,bedstefar,grand-père,web/audio/w0090.mp3
tante:tetka,4,familie,alltag,tetka,Tante,aunt,teyze / hala,moster / faster,tante,tante,tante,tante,web/audio/w0091.mp3
onkel (vaterseite):amidža,4,familie,alltag,amidža,Onkel (Vaterseite),uncle (father's side),amca,farbror,oom (van vaderskant),farbror,farbror,oncle (côté paternel),web/audio/w0092.mp3
onkel (mutterseite):daidža,4,familie,alltag,daidža,Onkel (Mutterseite),uncle (mother's side),dayı,morbror,oom (van moederskant),morbror,morbror,oncle (côté maternel),web/audio/w0093.mp3
cousin:rođak,4,familie,alltag,rođak,Cousin,cousin,kuzen,kusin,neef,fetter,fætter,cousin,web/audio/w0094.mp3
baby:beba,4,familie,alltag,beba,Baby,baby,bebek,bebis,baby,baby,baby,bébé,web/audio/w0095.mp3
familie:porodica,4,familie,alltag,porodica,Familie,Family,Aile,Familj,Familie,Familie,Familie,La famille,web/audio/w0096.mp3
freund:prijatelj,4,familie,alltag,prijatelj,Freund,friend (male),arkadaş (erkek),vän (man),vriend,venn (mann),ven,ami,web/audio/w0097.mp3
freundin:prijateljica,4,familie,alltag,prijateljica,Freundin,friend (female),arkadaş (kadın),vän (kvinna),vriendin,venninne,veninde,amie,web/audio/w0098.mp3
wasser:voda,5,essen,alltag,voda,Wasser,water,su,vatten,water,vann,vand,eau,web/audio/w0099.mp3
brot:hljeb,5,essen,alltag,hljeb,Brot,bread,ekmek,bröd,brood,brød,brød,pain,web/audio/w0100.mp3
kaffee:kahva / kafa,5,essen,alltag,kahva / kafa,Kaffee,coffee,kahve,kaffe,koffie,kaffe,kaffe,café,web/audio/w2319.mp3
kaffeetasse (traditionell):fildžan,5,essen,alltag,fildžan,Kaffeetasse (traditionell),small coffee cup (traditional),fincan (geleneksel kahve fincanı),liten kaffekopp (traditionell),klein koffiekopje (traditioneel),liten kaffekopp (tradisjonell),lille kaffekop (traditionel),petite tasse à café (traditionnelle),web/audio/w0102.mp3
tee:čaj,5,essen,alltag,čaj,Tee,tea,çay,te,thee,te,te,thé,web/audio/w0103.mp3
milch:mlijeko,5,essen,alltag,mlijeko,Milch,milk,süt,mjölk,melk,melk,mælk,lait,web/audio/w0104.mp3
saft:sok,5,essen,alltag,sok,Saft,juice,meyve suyu,juice,sap,juice,juice,jus,web/audio/w0105.mp3
bier:pivo,5,essen,alltag,pivo,Bier,beer,bira,öl,bier,øl,øl,bière,web/audio/w0106.mp3
fleisch:meso,5,essen,alltag,meso,Fleisch,meat,et,kött,vlees,kjøtt,kød,viande,web/audio/w0107.mp3
hähnchen:piletina,5,essen,alltag,piletina,Hähnchen,chicken,tavuk eti,kyckling,kip,kylling,kylling,poulet,web/audio/w0108.mp3
fisch:riba,5,essen,alltag,riba,Fisch,fish,balık,fisk,vis,fisk,fisk,poisson,web/audio/w0109.mp3
käse:sir,5,essen,alltag,sir,Käse,cheese,peynir,ost,kaas,ost,ost,fromage,web/audio/w0110.mp3
ei:jaje,5,essen,alltag,jaje,Ei,egg,yumurta,ägg,ei,egg,æg,œuf,web/audio/w0111.mp3
apfel:jabuka,5,essen,alltag,jabuka,Apfel,apple,elma,äpple,appel,eple,æble,pomme,web/audio/w0112.mp3
obst:voće,5,essen,alltag,voće,Obst,fruit,meyve,frukt,fruit,frukt,frugt,fruits,web/audio/w0113.mp3
gemüse:povrće,5,essen,alltag,povrće,Gemüse,vegetables,sebze,grönsaker,groente,grønnsaker,grøntsager,légumes,web/audio/w0114.mp3
kartoffel:krompir,5,essen,alltag,krompir,Kartoffel,potato,patates,potatis,aardappel,potet,kartoffel,pomme de terre,web/audio/w0115.mp3
tomate:paradajz,5,essen,alltag,paradajz,Tomate,tomato,domates,tomat,tomaat,tomat,tomat,tomate,web/audio/w0116.mp3
zwiebel:luk,5,essen,alltag,luk,Zwiebel,onion,soğan,lök,ui,løk,løg,oignon,web/audio/w0117.mp3
reis:riža,5,essen,alltag,riža,Reis,rice,pirinç,ris,rijst,ris,ris,riz,web/audio/w0118.mp3
salz:so,5,essen,alltag,so,Salz,salt,tuz,salt,zout,salt,salt,sel,web/audio/w0119.mp3
zucker:šećer,5,essen,alltag,šećer,Zucker,sugar,şeker,socker,suiker,sukker,sukker,sucre,web/audio/w0120.mp3
suppe:supa,5,essen,alltag,supa,Suppe,soup,çorba,soppa,soep,suppe,suppe,soupe,web/audio/w0121.mp3
pita (blätterteig-gericht):pita,5,essen,alltag,pita,Pita (Blätterteig-Gericht),pita (filled filo pastry),pita (yufkadan börek),pita (inbakad filodegspaj),pita (gevuld filodeeggebak),pita (fylt filodeigpai),pita (fyldt filodejstærte),pita (tourte en pâte filo),web/audio/w0122.mp3
ćevapi:ćevapi,5,essen,alltag,ćevapi,Ćevapi,ćevapi (grilled minced meat rolls),ćevapi (küçük köfteler),ćevapi (grillade köttkorvar),ćevapi (gegrilde gehaktrolletjes),ćevapi (grillede kjøttpølser),ćevapi (grillede kødpølser),ćevapi (petites saucisses de viande grillée),web/audio/w0123.mp3
frühstück:doručak,5,essen,alltag,doručak,Frühstück,breakfast,kahvaltı,frukost,ontbijt,frokost,morgenmad,petit-déjeuner,web/audio/w0124.mp3
mittagessen:ručak,5,essen,alltag,ručak,Mittagessen,lunch,öğle yemeği,lunch,lunch,lunsj,frokost,déjeuner,web/audio/w0125.mp3
abendessen:večera,5,essen,alltag,večera,Abendessen,dinner,akşam yemeği,middag,avondeten,middag,aftensmad,dîner,web/audio/w0126.mp3
ich habe hunger (m/w):Gladan sam / Gladna sam,5,essen,alltag,Gladan sam / Gladna sam,Ich habe Hunger (m/w),I am hungry (m/f),Açım (e/k),Jag är hungrig (m/k),Ik heb honger (m/v),Jeg er sulten (m/k),Jeg er sulten (m/k),J'ai faim (m/f),web/audio/w2143.mp3
ich habe durst (m/w):Žedan sam / Žedna sam,5,essen,alltag,Žedan sam / Žedna sam,Ich habe Durst (m/w),I am thirsty (m/f),Susadım (e/k),Jag är törstig (m/k),Ik heb dorst (m/v),Jeg er tørst (m/k),Jeg er tørstig (m/k),J'ai soif (m/f),web/audio/w2144.mp3
"die rechnung, bitte:Račun, molim",5,essen,alltag,"Račun, molim","Die Rechnung, bitte","The check, please","Hesap, lütfen","Notan, tack","De rekening, alstublieft","Regningen, takk","Regningen, tak","L'addition, s'il vous plaît",web/audio/w0129.mp3
montag:ponedjeljak,6,wochentage,alltag,ponedjeljak,Montag,Monday,Pazartesi,måndag,maandag,mandag,mandag,lundi,web/audio/w0130.mp3
dienstag:utorak,6,wochentage,alltag,utorak,Dienstag,Tuesday,Salı,tisdag,dinsdag,tirsdag,tirsdag,mardi,web/audio/w0131.mp3
mittwoch:srijeda,6,wochentage,alltag,srijeda,Mittwoch,Wednesday,Çarşamba,onsdag,woensdag,onsdag,onsdag,mercredi,web/audio/w0132.mp3
donnerstag:četvrtak,6,wochentage,alltag,četvrtak,Donnerstag,Thursday,Perşembe,torsdag,donderdag,torsdag,torsdag,jeudi,web/audio/w0133.mp3
freitag:petak,6,wochentage,alltag,petak,Freitag,Friday,Cuma,fredag,vrijdag,fredag,fredag,vendredi,web/audio/w0134.mp3
samstag:subota,6,wochentage,alltag,subota,Samstag,Saturday,Cumartesi,lördag,zaterdag,lørdag,lørdag,samedi,web/audio/w0135.mp3
sonntag:nedjelja,6,wochentage,alltag,nedjelja,Sonntag,Sunday,Pazar,söndag,zondag,søndag,søndag,dimanche,web/audio/w0136.mp3
wochenende:vikend,6,wochentage,alltag,vikend,Wochenende,weekend,hafta sonu,helg,weekend,helg,weekend,week-end,web/audio/w0137.mp3
woche:sedmica,6,wochentage,alltag,sedmica,Woche,week,hafta,vecka,week,uke,uge,semaine,web/audio/w0138.mp3
januar:januar,7,monate,alltag,januar,Januar,January,Ocak,januari,januari,januar,januar,janvier,web/audio/w0139.mp3
februar:februar,7,monate,alltag,februar,Februar,February,Şubat,februari,februari,februar,februar,février,web/audio/w0140.mp3
märz:mart,7,monate,alltag,mart,März,March,Mart,mars,maart,mars,marts,mars,web/audio/w0141.mp3
april:april,7,monate,alltag,april,April,April,Nisan,april,april,april,april,avril,web/audio/w0142.mp3
mai:maj,7,monate,alltag,maj,Mai,May,Mayıs,maj,mei,mai,maj,mai,web/audio/w0143.mp3
juni:juni,7,monate,alltag,juni,Juni,June,Haziran,juni,juni,juni,juni,juin,web/audio/w0144.mp3
juli:juli,7,monate,alltag,juli,Juli,July,Temmuz,juli,juli,juli,juli,juillet,web/audio/w0145.mp3
august:august,7,monate,alltag,august,August,August,Ağustos,augusti,augustus,august,august,août,web/audio/w0146.mp3
september:septembar,7,monate,alltag,septembar,September,September,Eylül,september,september,september,september,septembre,web/audio/w0147.mp3
oktober:oktobar,7,monate,alltag,oktobar,Oktober,October,Ekim,oktober,oktober,oktober,oktober,octobre,web/audio/w0148.mp3
november:novembar,7,monate,alltag,novembar,November,November,Kasım,november,november,november,november,novembre,web/audio/w0149.mp3
dezember:decembar,7,monate,alltag,decembar,Dezember,December,Aralık,december,december,desember,december,décembre,web/audio/w0150.mp3
monat:mjesec,7,monate,alltag,mjesec,Monat,month,ay,månad,maand,måned,måned,mois,web/audio/w0151.mp3
jahr:godina,7,monate,alltag,godina,Jahr,year,yıl,år,jaar,år,år,an,web/audio/w0152.mp3
heute:danas,8,zeit,alltag,danas,heute,today,bugün,i dag,vandaag,i dag,i dag,aujourd'hui,web/audio/w0153.mp3
morgen (der nächste tag):sutra,8,zeit,alltag,sutra,morgen (der nächste Tag),tomorrow,yarın,i morgon,morgen,i morgen,i morgen,demain,web/audio/w0154.mp3
gestern:jučer,8,zeit,alltag,jučer,gestern,yesterday,dün,i går,gisteren,i går,i går,hier,web/audio/w0155.mp3
jetzt:sada,8,zeit,alltag,sada,jetzt,now,şimdi,nu,nu,nå,nu,maintenant,web/audio/w0156.mp3
später:kasnije,8,zeit,alltag,kasnije,später,later,sonra,senare,later,senere,senere,plus tard,web/audio/w0157.mp3
tag:dan,8,zeit,alltag,dan,Tag,day,gün,dag,dag,dag,dag,jour,web/audio/w0158.mp3
morgen (tageszeit):jutro,8,zeit,alltag,jutro,Morgen (Tageszeit),morning,sabah,morgon,ochtend,morgen,morgen,matin,web/audio/w0159.mp3
mittag:podne,8,zeit,alltag,podne,Mittag,noon,öğle,mitt på dagen,middag,midt på dagen,middag,midi,web/audio/w0160.mp3
abend:večer,8,zeit,alltag,večer,Abend,evening,akşam,kväll,avond,kveld,aften,soir,web/audio/w0161.mp3
nacht:noć,8,zeit,alltag,noć,Nacht,night,gece,natt,nacht,natt,nat,nuit,web/audio/w0162.mp3
stunde / uhr:sat,8,zeit,alltag,sat,Stunde / Uhr,hour / o'clock,saat,timme / klockan,uur / klok,time / klokka,time / klokken,heure,web/audio/w0163.mp3
minute:minuta,8,zeit,alltag,minuta,Minute,minute,dakika,minut,minuut,minutt,minut,minute,web/audio/w0164.mp3
wie spät ist es?:Koliko je sati?,8,zeit,alltag,Koliko je sati?,Wie spät ist es?,What time is it?,Saat kaç?,Vad är klockan?,Hoe laat is het?,Hva er klokka?,Hvad er klokken?,Quelle heure est-il ?,web/audio/w0165.mp3
bis morgen!:Vidimo se sutra!,8,zeit,alltag,Vidimo se sutra!,Bis morgen!,See you tomorrow!,Yarın görüşürüz!,Vi ses i morgon!,We zien elkaar morgen!,Vi ses i morgen!,Vi ses i morgen!,À demain !,web/audio/w0166.mp3
wohnung:stan,9,zuhause,alltag,stan,Wohnung,apartment,daire,lägenhet,woning,leilighet,lejlighed,appartement,web/audio/w0167.mp3
zimmer:soba,9,zuhause,alltag,soba,Zimmer,room,oda,rum,kamer,rom,værelse,pièce,web/audio/w0168.mp3
küche:kuhinja,9,zuhause,alltag,kuhinja,Küche,kitchen,mutfak,kök,keuken,kjøkken,køkken,cuisine,web/audio/w0169.mp3
bad:kupatilo,9,zuhause,alltag,kupatilo,Bad,bathroom,banyo,badrum,badkamer,bad,badeværelse,salle de bains,web/audio/w0170.mp3
schlafzimmer:spavaća soba,9,zuhause,alltag,spavaća soba,Schlafzimmer,bedroom,yatak odası,sovrum,slaapkamer,soverom,soveværelse,chambre,web/audio/w0171.mp3
wohnzimmer:dnevna soba,9,zuhause,alltag,dnevna soba,Wohnzimmer,living room,oturma odası,vardagsrum,woonkamer,stue,stue,salon,web/audio/w0172.mp3
tür:vrata,9,zuhause,alltag,vrata,Tür,door,kapı,dörr,deur,dør,dør,porte,web/audio/w0173.mp3
fenster:prozor,9,zuhause,alltag,prozor,Fenster,window,pencere,fönster,raam,vindu,vindue,fenêtre,web/audio/w0174.mp3
tisch:sto,9,zuhause,alltag,sto,Tisch,table,masa,bord,tafel,bord,bord,table,web/audio/w0062.mp3
stuhl:stolica,9,zuhause,alltag,stolica,Stuhl,chair,sandalye,stol,stoel,stol,stol,chaise,web/audio/w0175.mp3
bett:krevet,9,zuhause,alltag,krevet,Bett,bed,yatak,säng,bed,seng,seng,lit,web/audio/w0176.mp3
schlüssel:ključ,9,zuhause,alltag,ključ,Schlüssel,key,anahtar,nyckel,sleutel,nøkkel,nøgle,clé,web/audio/w0177.mp3
lampe:lampa,9,zuhause,alltag,lampa,Lampe,lamp,lamba,lampa,lamp,lampe,lampe,lampe,web/audio/w0178.mp3
fernseher:televizor,9,zuhause,alltag,televizor,Fernseher,television,televizyon,tv,televisie,tv,fjernsyn,télévision,web/audio/w0179.mp3
handy:mobitel,9,zuhause,alltag,mobitel,Handy,cell phone,cep telefonu,mobiltelefon,mobiele telefoon,mobiltelefon,mobiltelefon,téléphone portable,web/audio/w0180.mp3
kühlschrank:frižider,9,zuhause,alltag,frižider,Kühlschrank,refrigerator,buzdolabı,kylskåp,koelkast,kjøleskap,køleskab,réfrigérateur,web/audio/w0181.mp3
herd:šporet,9,zuhause,alltag,šporet,Herd,stove,mutfak ocağı,spis,fornuis,komfyr,komfur,cuisinière,web/audio/w0182.mp3
teppich:tepih,9,zuhause,alltag,tepih,Teppich,carpet,halı,matta,tapijt,teppe,tæppe,tapis,web/audio/w0183.mp3
handtuch:peškir,9,zuhause,alltag,peškir,Handtuch,towel,havlu,handduk,handdoek,håndkle,håndklæde,serviette,web/audio/w0184.mp3
seife:sapun,9,zuhause,alltag,sapun,Seife,soap,sabun,tvål,zeep,såpe,sæbe,savon,web/audio/w0185.mp3
treppe:stepenice,9,zuhause,alltag,stepenice,Treppe,stairs,merdiven,trappa,trap,trapp,trappe,escalier,web/audio/w0186.mp3
balkon:balkon,9,zuhause,alltag,balkon,Balkon,balcony,balkon,balkong,balkon,balkong,altan,balcon,web/audio/w0187.mp3
garten:bašta,9,zuhause,alltag,bašta,Garten,garden,bahçe,trädgård,tuin,hage,have,jardin,web/audio/w0188.mp3
nachbar:komšija,9,zuhause,alltag,komšija,Nachbar,neighbor,komşu,granne,buurman,nabo,nabo,voisin,web/audio/w0189.mp3
wetter:vrijeme,10,wetter,alltag,vrijeme,Wetter,weather,hava durumu,väder,weer,vær,vejr,temps (météo),web/audio/w0190.mp3
sonne:sunce,10,wetter,alltag,sunce,Sonne,sun,güneş,sol,zon,sol,sol,soleil,web/audio/w0191.mp3
regen:kiša,10,wetter,alltag,kiša,Regen,rain,yağmur,regn,regen,regn,regn,pluie,web/audio/w0192.mp3
schnee:snijeg,10,wetter,alltag,snijeg,Schnee,snow,kar,snö,sneeuw,snø,sne,neige,web/audio/w0193.mp3
wind:vjetar,10,wetter,alltag,vjetar,Wind,wind,rüzgâr,vind,wind,vind,vind,vent,web/audio/w0194.mp3
wolke:oblak,10,wetter,alltag,oblak,Wolke,cloud,bulut,moln,wolk,sky,sky,nuage,web/audio/w0195.mp3
warm:toplo,10,wetter,alltag,toplo,warm,warm,ılık,varmt,warm,varmt,varmt,chaud (agréable),web/audio/w0196.mp3
kalt:hladno,10,wetter,alltag,hladno,kalt,cold,soğuk,kallt,koud,kaldt,koldt,froid,web/audio/w0197.mp3
heiß:vruće,10,wetter,alltag,vruće,heiß,hot,sıcak,hett,heet,hett,hedt,très chaud,web/audio/w0198.mp3
es regnet:Pada kiša,10,wetter,alltag,Pada kiša,Es regnet,It is raining,Yağmur yağıyor,Det regnar,Het regent,Det regner,Det regner,Il pleut,web/audio/w0199.mp3
es schneit:Pada snijeg,10,wetter,alltag,Pada snijeg,Es schneit,It is snowing,Kar yağıyor,Det snöar,Het sneeuwt,Det snør,Det sner,Il neige,web/audio/w0200.mp3
frühling:proljeće,10,wetter,alltag,proljeće,Frühling,spring,ilkbahar,vår,lente,vår,forår,printemps,web/audio/w0201.mp3
sommer:ljeto,10,wetter,alltag,ljeto,Sommer,summer,yaz,sommar,zomer,sommer,sommer,été,web/audio/w0202.mp3
herbst:jesen,10,wetter,alltag,jesen,Herbst,fall,sonbahar,höst,herfst,høst,efterår,automne,web/audio/w0203.mp3
winter:zima,10,wetter,alltag,zima,Winter,winter,kış,vinter,winter,vinter,vinter,hiver,web/audio/w0204.mp3
berg:planina,10,wetter,alltag,planina,Berg,mountain,dağ,berg,berg,fjell,bjerg,montagne,web/audio/w0205.mp3
fluss:rijeka,10,wetter,alltag,rijeka,Fluss,river,nehir,flod,rivier,elv,flod,rivière,web/audio/w0206.mp3
meer:more,10,wetter,alltag,more,Meer,sea,deniz,hav,zee,hav,hav,mer,web/audio/w0207.mp3
see:jezero,10,wetter,alltag,jezero,See,lake,göl,sjö,meer,innsjø,sø,lac,web/audio/w0208.mp3
wald:šuma,10,wetter,alltag,šuma,Wald,forest,orman,skog,bos,skog,skov,forêt,web/audio/w0209.mp3
baum:drvo,10,wetter,alltag,drvo,Baum,tree,ağaç,träd,boom,tre (plante),træ,arbre,web/audio/w0210.mp3
blume:cvijet,10,wetter,alltag,cvijet,Blume,flower,çiçek,blomma,bloem,blomst,blomst,fleur,web/audio/w0211.mp3
himmel:nebo,10,wetter,alltag,nebo,Himmel,sky,gökyüzü,himmel,hemel,himmel,himmel,ciel,web/audio/w0212.mp3
stern:zvijezda,10,wetter,alltag,zvijezda,Stern,star,yıldız,stjärna,ster,stjerne,stjerne,étoile,web/audio/w0213.mp3
hund:pas,10,wetter,alltag,pas,Hund,dog,köpek,hund,hond,hund,hund,chien,web/audio/w0214.mp3
katze:mačka,10,wetter,alltag,mačka,Katze,cat,kedi,katt,kat,katt,kat,chat,web/audio/w0215.mp3
vogel:ptica,10,wetter,alltag,ptica,Vogel,bird,kuş,fågel,vogel,fugl,fugl,oiseau,web/audio/w0216.mp3
biene:pčela,10,wetter,alltag,pčela,Biene,bee,arı,bi,honingbij,bie,bi,abeille,web/audio/w0217.mp3
blitz:munja,10,wetter,alltag,munja,Blitz,lightning,şimşek,blixt,bliksem,lyn,lyn,éclair (orage),web/audio/w1493.mp3
donner:grmljavina,10,wetter,alltag,grmljavina,Donner,thunder,gök gürültüsü,åska,donder,torden,torden,tonnerre,web/audio/w1494.mp3
eis (gefrorenes wasser):led,10,wetter,alltag,led,Eis (gefrorenes Wasser),ice (frozen water),buz (donmuş su),is (fruset vatten),ijs (bevroren water),is (frossent vann),is (frosset vand),glace (eau gelée),web/audio/w1495.mp3
nebel:magla,10,wetter,alltag,magla,Nebel,fog,sis,dimma,mist,tåke,tåge,brouillard,web/audio/w1496.mp3
regenbogen:duga,10,wetter,alltag,duga,Regenbogen,rainbow,gökkuşağı,regnbåge,regenboog,regnbue,regnbue,arc-en-ciel,web/audio/w1497.mp3
schatten:hlad,10,wetter,alltag,hlad,Schatten,shade,gölge,skugga,schaduw,skygge,skygge,ombre,web/audio/w1498.mp3
sturm:oluja,10,wetter,alltag,oluja,Sturm,storm,fırtına,storm,storm,storm,storm,tempête,web/audio/w1499.mp3
kopf:glava,11,koerper,alltag,glava,Kopf,head,baş,huvud,hoofd,hode,hoved,tête,web/audio/w0218.mp3
haar:kosa,11,koerper,alltag,kosa,Haar,hair,saç,hår,haar,hår,hår,cheveux,web/audio/w0219.mp3
auge:oko,11,koerper,alltag,oko,Auge,eye,göz,öga,oog,øye,øje,œil,web/audio/w0220.mp3
ohr:uho,11,koerper,alltag,uho,Ohr,ear,kulak,öra,oor,øre,øre,oreille,web/audio/w0221.mp3
nase:nos,11,koerper,alltag,nos,Nase,nose,burun,näsa,neus,nese,næse,nez,web/audio/w0222.mp3
mund:usta,11,koerper,alltag,usta,Mund,mouth,ağız,mun,mond,munn,mund,bouche,web/audio/w0223.mp3
zahn:zub,11,koerper,alltag,zub,Zahn,tooth,diş,tand,tand,tann,tand,dent,web/audio/w0224.mp3
hals:vrat,11,koerper,alltag,vrat,Hals,neck,boyun / boğaz,hals,hals,hals,hals,cou,web/audio/w0225.mp3
hand / arm:ruka,11,koerper,alltag,ruka,Hand / Arm,hand / arm,el / kol,hand / arm,hand / arm,hånd / arm,hånd / arm,main / bras,web/audio/w0226.mp3
finger:prst,11,koerper,alltag,prst,Finger,finger,parmak,finger,vinger,finger,finger,doigt,web/audio/w0227.mp3
bein:noga,11,koerper,alltag,noga,Bein,leg,bacak,ben,been,bein,ben,jambe,web/audio/w0228.mp3
bauch:stomak,11,koerper,alltag,stomak,Bauch,stomach,karın,mage,buik,mage,mave,ventre,web/audio/w0229.mp3
rücken:leđa,11,koerper,alltag,leđa,Rücken,back,sırt,rygg,rug,rygg,ryg,dos,web/audio/w0230.mp3
herz:srce,11,koerper,alltag,srce,Herz,heart,kalp,hjärta,hart,hjerte,hjerte,cœur,web/audio/w0231.mp3
krank (m/w):bolestan / bolesna,11,koerper,alltag,bolestan / bolesna,krank (m/w),sick (m/f),hasta (e/k),sjuk (m/k),ziek (m/v),syk (m/k),syg (m/k),malade (m/f),web/audio/w2145.mp3
gesund (m/w):zdrav / zdrava,11,koerper,alltag,zdrav / zdrava,gesund (m/w),healthy (m/f),sağlıklı (e/k),frisk (m/k),gezond (m/v),frisk (m/k),rask (m/k),en bonne santé (m/f),web/audio/w2146.mp3
arzt:doktor,11,koerper,alltag,doktor,Arzt,doctor,doktor,läkare,dokter,lege,læge,médecin,web/audio/w0234.mp3
krankenhaus:bolnica,11,koerper,alltag,bolnica,Krankenhaus,hospital,hastane,sjukhus,ziekenhuis,sykehus,hospital,hôpital,web/audio/w0235.mp3
apotheke:apoteka,11,koerper,alltag,apoteka,Apotheke,pharmacy,eczane,apotek,apotheek,apotek,apotek,pharmacie,web/audio/w0236.mp3
schmerz:bol,11,koerper,alltag,bol,Schmerz,pain,ağrı,smärta,pijn,smerte,smerte,douleur,web/audio/w0237.mp3
es tut mir weh:Boli me,11,koerper,alltag,Boli me,Es tut mir weh,It hurts,Ağrıyor,Det gör ont,Het doet pijn,Det gjør vondt,Det gør ondt,Ça fait mal,web/audio/w0238.mp3
kopfschmerzen:glavobolja,11,koerper,alltag,glavobolja,Kopfschmerzen,headache,baş ağrısı,huvudvärk,hoofdpijn,hodepine,hovedpine,mal de tête,web/audio/w0239.mp3
fieber:temperatura,11,koerper,alltag,temperatura,Fieber,fever,vücut ateşi,feber,koorts,feber,feber,fièvre,web/audio/w0240.mp3
medikament:lijek,11,koerper,alltag,lijek,Medikament,medicine,ilaç,medicin,medicijn,medisin,medicin,médicament,web/audio/w0241.mp3
gute besserung!:Brz oporavak,11,koerper,alltag,Brz oporavak,Gute Besserung!,Get well soon!,Geçmiş olsun!,Krya på dig!,Beterschap!,God bedring!,God bedring!,Bon rétablissement !,web/audio/w1491.mp3
geschäft:radnja,12,einkaufen,alltag,radnja,Geschäft,store,dükkân,affär,zaak,forretning,forretning,magasin,web/audio/w0243.mp3
einkaufszentrum:tržni centar,12,einkaufen,alltag,tržni centar,Einkaufszentrum,shopping mall,alışveriş merkezi,köpcentrum,winkelcentrum,kjøpesenter,indkøbscenter,centre commercial,web/audio/w0244.mp3
kasse:kasa,12,einkaufen,alltag,kasa,Kasse,checkout,kasa,kassa,kassa,kasse,kasse,caisse,web/audio/w0245.mp3
preis:cijena,12,einkaufen,alltag,cijena,Preis,price,fiyat,pris,prijs,pris,pris,prix,web/audio/w0246.mp3
rabatt:popust,12,einkaufen,alltag,popust,Rabatt,discount,indirim,rabatt,korting,rabatt,rabat,réduction,web/audio/w0247.mp3
bargeld:gotovina,12,einkaufen,alltag,gotovina,Bargeld,cash,nakit,kontanter,contant geld,kontanter,kontanter,espèces,web/audio/w0248.mp3
karte (bankkarte):kartica,12,einkaufen,alltag,kartica,Karte (Bankkarte),card (bank card),kart (banka kartı),kort (bankkort),pas (bankpas),kort (bankkort),kort (betalingskort),carte (carte bancaire),web/audio/w0249.mp3
tasche:torba,12,einkaufen,alltag,torba,Tasche,bag,çanta,väska,tas,veske,taske,sac,web/audio/w0250.mp3
kleidung:odjeća,12,einkaufen,alltag,odjeća,Kleidung,clothes,giysi,kläder,kleding,klær,tøj,vêtements,web/audio/w0251.mp3
hemd:košulja,12,einkaufen,alltag,košulja,Hemd,shirt,gömlek,skjorta,overhemd,skjorte,skjorte,chemise,web/audio/w0252.mp3
t-shirt:majica,12,einkaufen,alltag,majica,T-Shirt,T-shirt,tişört,t-shirt,T-shirt,t-skjorte,T-shirt,tee-shirt,web/audio/w0253.mp3
hose:pantalone,12,einkaufen,alltag,pantalone,Hose,pants,pantolon,byxor,broek,bukse,bukser,pantalon,web/audio/w0254.mp3
jacke:jakna,12,einkaufen,alltag,jakna,Jacke,jacket,ceket,jacka,jas,jakke,jakke,veste,web/audio/w0255.mp3
kleid:haljina,12,einkaufen,alltag,haljina,Kleid,dress,elbise,klänning,jurk,kjole,kjole,robe,web/audio/w0256.mp3
rock:suknja,12,einkaufen,alltag,suknja,Rock,skirt,etek,kjol,rok,skjørt,nederdel,jupe,web/audio/w0257.mp3
schuhe:cipele,12,einkaufen,alltag,cipele,Schuhe,shoes,ayakkabı,skor,schoenen,sko,sko,chaussures,web/audio/w0258.mp3
socken:čarape,12,einkaufen,alltag,čarape,Socken,socks,çorap,strumpor,sokken,sokker,strømper,chaussettes,web/audio/w0259.mp3
mütze:kapa,12,einkaufen,alltag,kapa,Mütze,cap,bere,mössa,muts,lue,hue,bonnet,web/audio/w0260.mp3
größe:veličina,12,einkaufen,alltag,veličina,Größe,size,beden,storlek,maat,størrelse,størrelse,taille,web/audio/w0261.mp3
groß:veliko,12,einkaufen,alltag,veliko,groß,big,büyük,stor,groot,stor,stor,grand,web/audio/w0262.mp3
klein:malo,12,einkaufen,alltag,malo,klein,small,küçük,liten,klein,liten,lille,petit,web/audio/w0263.mp3
neu:novo,12,einkaufen,alltag,novo,neu,new,yeni,ny,nieuw,ny,ny,nouveau,web/audio/w0264.mp3
alt:staro,12,einkaufen,alltag,staro,alt,old,eski,gammal,oud,gammel,gammel,vieux,web/audio/w0265.mp3
ich suche ...:Tražim ...,12,einkaufen,alltag,Tražim ...,Ich suche ...,I am looking for ...,... arıyorum,Jag letar efter ...,Ik zoek ...,Jeg ser etter ...,Jeg leder efter ...,Je cherche ...,web/audio/w0266.mp3
haben sie ...?:Imate li ...?,12,einkaufen,alltag,Imate li ...?,Haben Sie ...?,Do you have ...?,... var mı?,Har ni ...?,Heeft u ...?,Har dere ...?,Har I ...?,Avez-vous ... ?,web/audio/w0267.mp3
ich nehme das:Uzet ću ovo,12,einkaufen,alltag,Uzet ću ovo,Ich nehme das,I will take this,Bunu alıyorum,Jag tar den här,Ik neem deze,Jeg tar denne,Jeg tager den her,Je prends celui-ci,web/audio/w0268.mp3
kann ich mit karte zahlen?:Mogu li platiti karticom?,12,einkaufen,alltag,Mogu li platiti karticom?,Kann ich mit Karte zahlen?,Can I pay by card?,Kartla ödeyebilir miyim?,Kan jag betala med kort?,Kan ik met de pas betalen?,Kan jeg betale med kort?,Kan jeg betale med kort?,Je peux payer par carte ?,web/audio/w0269.mp3
wo ist ...?:Gdje je ...?,13,unterwegs,alltag,Gdje je ...?,Wo ist ...?,Where is ...?,... nerede?,Var ligger ...?,Waar is ...?,Hvor er ...?,Hvor er ...?,Où est ... ?,web/audio/w0270.mp3
links:lijevo,13,unterwegs,alltag,lijevo,links,left,sol,vänster,links,venstre,venstre,à gauche,web/audio/w0271.mp3
rechts:desno,13,unterwegs,alltag,desno,rechts,right,sağ,höger,rechts,høyre,højre,à droite,web/audio/w0272.mp3
geradeaus:pravo,13,unterwegs,alltag,pravo,geradeaus,straight ahead,dosdoğru,rakt fram,rechtdoor,rett fram,ligeud,tout droit,web/audio/w0273.mp3
straße:ulica,13,unterwegs,alltag,ulica,Straße,street,sokak,gata,straat,gate,gade,rue,web/audio/w0274.mp3
haus:kuća,13,unterwegs,alltag,kuća,Haus,house,ev,hus,huis,hus,hus,maison,web/audio/w0275.mp3
stadt:grad,13,unterwegs,alltag,grad,Stadt,city,şehir,stad,stad,by,by,ville,web/audio/w0276.mp3
dorf:selo,13,unterwegs,alltag,selo,Dorf,village,köy,by,dorp,landsby,landsby,village,web/audio/w0277.mp3
bahnhof / haltestelle:stanica,13,unterwegs,alltag,stanica,Bahnhof / Haltestelle,station / stop,istasyon / durak,station / hållplats,station / halte,stasjon / holdeplass,station / stoppested,gare / arrêt,web/audio/w0278.mp3
auto:auto,13,unterwegs,alltag,auto,Auto,car,araba,bil,auto,bil,bil,voiture,web/audio/w0279.mp3
bus:autobus,13,unterwegs,alltag,autobus,Bus,bus,otobüs,buss,bus,buss,bus,bus,web/audio/w0280.mp3
laden:prodavnica,13,unterwegs,alltag,prodavnica,Laden,shop,mağaza,butik,winkel,butikk,butik,boutique,web/audio/w0281.mp3
markt:pijaca,13,unterwegs,alltag,pijaca,Markt,market,pazar yeri,marknad,markt,marked,marked,marché,web/audio/w0282.mp3
geld:novac,13,unterwegs,alltag,novac,Geld,money,para,pengar,geld,penger,penge,argent,web/audio/w0283.mp3
wie viel kostet das?:Koliko košta?,13,unterwegs,alltag,Koliko košta?,Wie viel kostet das?,How much does it cost?,Bu kaça?,Vad kostar det?,Hoeveel kost dat?,Hva koster det?,Hvad koster det?,Ça coûte combien ?,web/audio/w0284.mp3
teuer:skupo,13,unterwegs,alltag,skupo,teuer,expensive,pahalı,dyrt,duur,dyrt,dyrt,cher,web/audio/w0285.mp3
billig:jeftino,13,unterwegs,alltag,jeftino,billig,cheap,ucuz,billigt,goedkoop,billig,billigt,bon marché,web/audio/w0286.mp3
offen:otvoreno,13,unterwegs,alltag,otvoreno,offen,open,açık,öppet,open,åpent,åbent,ouvert,web/audio/w0287.mp3
geschlossen:zatvoreno,13,unterwegs,alltag,zatvoreno,geschlossen,closed,kapalı,stängt,gesloten,stengt,lukket,fermé,web/audio/w0288.mp3
sein:biti,14,verben,alltag,biti,sein,to be,olmak,vara,zijn (werkwoord),være,at være,être,web/audio/w0289.mp3
haben:imati,14,verben,alltag,imati,haben,to have,sahip olmak,ha,hebben,ha,at have,avoir,web/audio/w0290.mp3
gehen:ići,14,verben,alltag,ići,gehen,to go,gitmek,gå,gaan,gå,at gå,aller,web/audio/w0291.mp3
kommen:doći,14,verben,alltag,doći,kommen,to come,gelmek,komma,komen,komme,at komme,venir,web/audio/w0292.mp3
essen:jesti,14,verben,alltag,jesti,essen,to eat,yemek,äta,eten,spise,at spise,manger,web/audio/w0293.mp3
trinken:piti,14,verben,alltag,piti,trinken,to drink,içmek,dricka,drinken,drikke,at drikke,boire,web/audio/w0294.mp3
sprechen:govoriti,14,verben,alltag,govoriti,sprechen,to speak,konuşmak,tala,spreken,snakke,at tale,parler,web/audio/w0295.mp3
verstehen:razumjeti,14,verben,alltag,razumjeti,verstehen,to understand,anlamak,förstå,begrijpen,forstå,at forstå,comprendre,web/audio/w0296.mp3
wissen:znati,14,verben,alltag,znati,wissen,to know,bilmek,veta,weten,vite,at vide,savoir,web/audio/w0297.mp3
wollen:htjeti,14,verben,alltag,htjeti,wollen,to want,istemek,vilja,willen,ville,at ville,vouloir,web/audio/w0298.mp3
können:moći,14,verben,alltag,moći,können,to be able to,-ebilmek,kunna,kunnen,kunne,at kunne,pouvoir,web/audio/w0299.mp3
lieben:voljeti,14,verben,alltag,voljeti,lieben,to love,sevmek,älska,houden van,elske,at elske,aimer,web/audio/w0300.mp3
arbeiten:raditi,14,verben,alltag,raditi,arbeiten,to work,çalışmak,arbeta,werken,arbeide,at arbejde,travailler,web/audio/w0301.mp3
schlafen:spavati,14,verben,alltag,spavati,schlafen,to sleep,uyumak,sova,slapen,sove,at sove,dormir,web/audio/w0302.mp3
lernen:učiti,14,verben,alltag,učiti,lernen,to learn,öğrenmek,lära sig,leren,lære,at lære,apprendre,web/audio/w0303.mp3
sehen:vidjeti,14,verben,alltag,vidjeti,sehen,to see,görmek,se,zien,se,at se,voir,web/audio/w0304.mp3
kaufen:kupiti,14,verben,alltag,kupiti,kaufen,to buy,satın almak,köpa,kopen,kjøpe,at købe,acheter,web/audio/w0305.mp3
wohnen:stanovati,14,verben,alltag,stanovati,wohnen,to live (somewhere),oturmak / yaşamak,bo,wonen,bo,at bo,habiter,web/audio/w0306.mp3
was gibt's? / wie läuft's?:Šta ima?,15,smalltalk,alltag,Šta ima?,Was gibt's? / Wie läuft's?,What's up? / How is it going?,Ne var ne yok?,Vad händer? / Hur går det?,Hoe is het? / Alles goed?,Hva skjer? / Hvordan går det?,Hvad så? / Hvordan går det?,Quoi de neuf ? / Ça roule ?,web/audio/w0307.mp3
alles gut:Sve je dobro,15,smalltalk,alltag,Sve je dobro,Alles gut,All good,Her şey yolunda,Allt är bra,Alles goed,Alt er bra,Alt er godt,Tout va bien,web/audio/w0308.mp3
kein problem:Nema problema,15,smalltalk,alltag,Nema problema,Kein Problem,No problem,Sorun değil,Inga problem,Geen probleem,Ikke noe problem,Intet problem,Pas de problème,web/audio/w0309.mp3
mach dir keine sorgen:Ne brini,15,smalltalk,alltag,Ne brini,Mach dir keine Sorgen,Do not worry,Merak etme,Oroa dig inte,Maak je geen zorgen,Ikke bekymre deg,Du skal ikke være bekymret,Ne t'inquiète pas,web/audio/w0310.mp3
komm! / los!:Hajde!,15,smalltalk,alltag,Hajde!,Komm! / Los!,Come on! / Let's go!,Hadi!,Kom igen!,Kom op!,Kom igjen!,Kom nu! / Af sted!,Allez !,web/audio/w0311.mp3
auf geht's!:Hajmo!,15,smalltalk,alltag,Hajmo!,Auf geht's!,Let's go!,Hadi gidelim!,Nu kör vi!,Daar gaan we!,Nå drar vi!,Så kører vi!,C'est parti !,web/audio/w0312.mp3
schau mal:Vidi,15,smalltalk,alltag,Vidi,Schau mal,Look,Bak,Titta,Kijk eens,Se her,Se her,Regarde,web/audio/w0313.mp3
wirklich?:Stvarno?,15,smalltalk,alltag,Stvarno?,Wirklich?,Really?,Gerçekten mi?,Verkligen?,Echt waar?,Virkelig?,Virkelig?,Vraiment ?,web/audio/w0314.mp3
super!:Super!,15,smalltalk,alltag,Super!,Super!,Great!,Süper!,Toppen!,Top!,Supert!,Super!,Super !,web/audio/w0315.mp3
schön:lijepo,15,smalltalk,alltag,lijepo,schön,nice,güzel,fint,mooi,fint,flot,joli,web/audio/w0316.mp3
nichts:Ništa,15,smalltalk,alltag,Ništa,Nichts,Nothing,Hiçbir şey,Ingenting,Niets,Ingenting,Ingenting,Rien,web/audio/w0317.mp3
alles:Sve,15,smalltalk,alltag,Sve,Alles,Everything,Her şey,Allt,Alles,Alt,Alt,Tout,web/audio/w0318.mp3
was machst du?:Šta radiš?,15,smalltalk,alltag,Šta radiš?,Was machst du?,What are you doing?,Ne yapıyorsun?,Vad gör du?,Wat doe je?,Hva gjør du?,Hvad laver du?,Qu'est-ce que tu fais ?,web/audio/w0319.mp3
wo bist du?:Gdje si?,15,smalltalk,alltag,Gdje si?,Wo bist du?,Where are you?,Neredesin?,Var är du?,Waar ben je?,Hvor er du?,Hvor er du?,Où es-tu ?,web/audio/w0320.mp3
ich habe keine zeit:Nemam vremena,15,smalltalk,alltag,Nemam vremena,Ich habe keine Zeit,I have no time,Vaktim yok,Jag har ingen tid,Ik heb geen tijd,Jeg har ikke tid,Jeg har ikke tid,Je n'ai pas le temps,web/audio/w0321.mp3
ich bin müde (m/w):Umoran sam / Umorna sam,15,smalltalk,alltag,Umoran sam / Umorna sam,Ich bin müde (m/w),I am tired (m/f),Yorgunum (e/k),Jag är trött (m/k),Ik ben moe (m/v),Jeg er trøtt (m/k),Jeg er træt (m/k),Je suis fatigué (m/f),web/audio/w2147.mp3
glücklich (m/w):sretan / sretna,15,smalltalk,alltag,sretan / sretna,glücklich (m/w),happy (m/f),mutlu (e/k),glad (m/k),blij (m/v),glad (m/k),glad (m/k),heureux (m/f),web/audio/w2148.mp3
traurig (m/w):tužan / tužna,15,smalltalk,alltag,tužan / tužna,traurig (m/w),sad (m/f),üzgün (e/k),ledsen (m/k),verdrietig (m/v),lei seg (m/k),ked af det (m/k),triste (m/f),web/audio/w2149.mp3
liebe:ljubav,15,smalltalk,alltag,ljubav,Liebe,love,sevgi,kärlek,liefde,kjærlighet,kærlighed,amour,web/audio/w0325.mp3
ich liebe dich:Volim te,15,smalltalk,alltag,Volim te,Ich liebe dich,I love you,Seni seviyorum,Jag älskar dig,Ik hou van je,Jeg elsker deg,Jeg elsker dig,Je t'aime,web/audio/w0326.mp3
ich vermisse dich:Nedostaješ mi,15,smalltalk,alltag,Nedostaješ mi,Ich vermisse dich,I miss you,Seni özledim,Jag saknar dig,Ik mis je,Jeg savner deg,Jeg savner dig,Tu me manques,web/audio/w0327.mp3
schatz (anrede):dušo,15,smalltalk,alltag,dušo,Schatz (Anrede),sweetheart (form of address),canım (hitap),älskling (tilltal),schat (aanspreekvorm),kjære (tiltale),skat (tiltale),mon cœur (pour s'adresser),web/audio/w0328.mp3
das gefällt mir:Sviđa mi se,15,smalltalk,alltag,Sviđa mi se,Das gefällt mir,I like it,Bu hoşuma gidiyor,Jag gillar det,Dat vind ik leuk,Jeg liker det,Det kan jeg lide,Ça me plaît,web/audio/w0329.mp3
ich möchte (m/w):Htio bih / Htjela bih,15,smalltalk,alltag,Htio bih / Htjela bih,Ich möchte (m/w),I would like (m/f),İstiyorum (e/k),Jag skulle vilja (m/k),Ik zou graag willen (m/v),Jeg vil gjerne (m/k),Jeg vil gerne (m/k),Je voudrais (m/f),web/audio/w2150.mp3
"bitte (um etwas bitten, du-form):Molim te",15,smalltalk,alltag,Molim te,"Bitte (um etwas bitten, du-Form)","Please (asking someone, informal)","Lütfen (rica ederken, sen)","Snälla (när man ber om något, du)","Alsjeblieft (als je iets vraagt, jij)","Vær så snill (når du ber om noe, du)","Vær sød (når du beder om noget, du)",S'il te plaît,web/audio/w0331.mp3
weißt du ...:Znaš ...,15,smalltalk,alltag,Znaš ...,Weißt du ...,Do you know ...,Biliyor musun ...,Vet du ...,Weet je ...,Vet du ...,Ved du ...,Tu sais ...,web/audio/w0332.mp3
ananas:ananas,16,obst,anfassen,ananas,Ananas,pineapple,ananas,ananas,ananas,ananas,ananas,ananas,web/audio/w1500.mp3
aprikose:kajsija,16,obst,anfassen,kajsija,Aprikose,apricot,kayısı,aprikos,abrikoos,aprikos,abrikos,abricot,web/audio/w1501.mp3
banane:banana,16,obst,anfassen,banana,Banane,banana,muz,banan,banaan,banan,banan,banane,web/audio/w1502.mp3
birne:kruška,16,obst,anfassen,kruška,Birne,pear,armut,päron,peer (vrucht),pære,pære,poire,web/audio/w1503.mp3
brombeere:kupina,16,obst,anfassen,kupina,Brombeere,blackberry,böğürtlen,björnbär,braam,bjørnebær,brombær,mûre,web/audio/w1504.mp3
erdbeere:jagoda,16,obst,anfassen,jagoda,Erdbeere,strawberry,çilek,jordgubbe,aardbei,jordbær,jordbær,fraise,web/audio/w1505.mp3
feige:smokva,16,obst,anfassen,smokva,Feige,fig,incir,fikon,vijg,fiken,figen,figue,web/audio/w1506.mp3
granatapfel:nar,16,obst,anfassen,nar,Granatapfel,pomegranate,nar,granatäpple,granaatappel,granateple,granatæble,grenade (fruit),web/audio/w1507.mp3
haselnuss:lješnjak,16,obst,anfassen,lješnjak,Haselnuss,hazelnut,fındık,hasselnöt,hazelnoot,hasselnøtt,hasselnød,noisette,web/audio/w1508.mp3
heidelbeere:borovnica,16,obst,anfassen,borovnica,Heidelbeere,blueberry,yaban mersini,blåbär,bosbes,blåbær,blåbær,myrtille,web/audio/w1509.mp3
himbeere:malina,16,obst,anfassen,malina,Himbeere,raspberry,ahududu,hallon,framboos,bringebær,hindbær,framboise,web/audio/w1510.mp3
honigmelone:dinja,16,obst,anfassen,dinja,Honigmelone,honeydew melon,kavun,honungsmelon,honingmeloen,honningmelon,honningmelon,melon miel,web/audio/w1511.mp3
kastanie:kesten,16,obst,anfassen,kesten,Kastanie,chestnut,kestane,kastanj,kastanje,kastanje,kastanje,châtaigne,web/audio/w1512.mp3
kirsche:trešnja,16,obst,anfassen,trešnja,Kirsche,cherry,kiraz,körsbär,kers,kirsebær,kirsebær,cerise,web/audio/w1513.mp3
mandarine:mandarina,16,obst,anfassen,mandarina,Mandarine,mandarin orange,mandalina,mandarin (frukt),mandarijn,mandarin,mandarin (frugt),mandarine,web/audio/w1514.mp3
mandel:badem,16,obst,anfassen,badem,Mandel,almond,badem,mandel,amandel,mandel,mandel,amande,web/audio/w1515.mp3
nektarine:nektarina,16,obst,anfassen,nektarina,Nektarine,nectarine,nektarin,nektarin,nectarine,nektarin,nektarin,nectarine,web/audio/w1516.mp3
pfirsich:breskva,16,obst,anfassen,breskva,Pfirsich,peach,şeftali,persika,perzik,fersken,fersken,pêche (le fruit),web/audio/w1517.mp3
quitte:dunja,16,obst,anfassen,dunja,Quitte,quince,ayva,kvitten,kweepeer,kvede,kvæde,coing,web/audio/w1518.mp3
sauerkirsche:višnja,16,obst,anfassen,višnja,Sauerkirsche,sour cherry,vişne,surkörsbär,zure kers,surkirsebær,surkirsebær,griotte (cerise acide),web/audio/w1519.mp3
trockenobst:suho voće,16,obst,anfassen,suho voće,Trockenobst,dried fruit,kuru meyve,torkad frukt,gedroogd fruit,tørket frukt,tørret frugt,fruits secs,web/audio/w1520.mp3
wassermelone:lubenica,16,obst,anfassen,lubenica,Wassermelone,watermelon,karpuz,vattenmelon,watermeloen,vannmelon,vandmelon,pastèque,web/audio/w1521.mp3
weintraube:grožđe,16,obst,anfassen,grožđe,Weintraube,grape,üzüm,vindruva,druif,drue,vindrue,raisin,web/audio/w1522.mp3
zitrone:limun,16,obst,anfassen,limun,Zitrone,lemon,limon,citron,citroen,sitron,citron,citron,web/audio/w1523.mp3
aubergine:patlidžan,17,gemuese,anfassen,patlidžan,Aubergine,eggplant,patlıcan,aubergine,aubergine,aubergine,aubergine,aubergine,web/audio/w1524.mp3
blumenkohl:karfiol,17,gemuese,anfassen,karfiol,Blumenkohl,cauliflower,karnabahar,blomkål,bloemkool,blomkål,blomkål,chou-fleur,web/audio/w1525.mp3
brokkoli:brokula,17,gemuese,anfassen,brokula,Brokkoli,broccoli,brokoli,broccoli,broccoli,brokkoli,broccoli,brocoli,web/audio/w1526.mp3
erbsen:grašak,17,gemuese,anfassen,grašak,Erbsen,peas,bezelye,ärtor,erwten,erter,ærter,petits pois,web/audio/w1527.mp3
frühlingszwiebel:mladi luk,17,gemuese,anfassen,mladi luk,Frühlingszwiebel,green onion,taze soğan,salladslök,lente-ui,vårløk,forårsløg,oignon nouveau,web/audio/w1528.mp3
grüne bohnen:boranija,17,gemuese,anfassen,boranija,grüne Bohnen,green beans,taze fasulye,gröna bönor,sperziebonen,grønne bønner,grønne bønner,haricots verts,web/audio/w1529.mp3
gurke:krastavac,17,gemuese,anfassen,krastavac,Gurke,cucumber,salatalık,gurka,komkommer,agurk,agurk,concombre,web/audio/w1530.mp3
karotte:mrkva,17,gemuese,anfassen,mrkva,Karotte,carrot,havuç,morot,wortel (groente),gulrot,gulerod,carotte,web/audio/w1531.mp3
knoblauch:bijeli luk,17,gemuese,anfassen,bijeli luk,Knoblauch,garlic,sarımsak,vitlök,knoflook,hvitløk,hvidløg,ail,web/audio/w1532.mp3
kohl:kupus,17,gemuese,anfassen,kupus,Kohl,cabbage,lahana,kål,kool (groente),kål,kål,chou,web/audio/w1533.mp3
kopfsalat:zelena salata,17,gemuese,anfassen,zelena salata,Kopfsalat,lettuce,marul,huvudsallat,kropsla,hodesalat,hovedsalat,laitue,web/audio/w1534.mp3
kürbis:bundeva,17,gemuese,anfassen,bundeva,Kürbis,pumpkin,balkabağı,pumpa,pompoen,gresskar,græskar,citrouille,web/audio/w1535.mp3
lauch:praziluk,17,gemuese,anfassen,praziluk,Lauch,leek,pırasa,purjolök,prei,purre,porre,poireau,web/audio/w1536.mp3
mais:kukuruz,17,gemuese,anfassen,kukuruz,Mais,corn,mısır,majs,maïs,mais,majs,maïs,web/audio/w1537.mp3
mangold:blitva,17,gemuese,anfassen,blitva,Mangold,Swiss chard,pazı,mangold,snijbiet,mangold,bladbede,blette,web/audio/w1538.mp3
okra:bamija,17,gemuese,anfassen,bamija,Okra,okra,bamya,okra,okra,okra,okra,gombo,web/audio/w1539.mp3
paprika:paprika,17,gemuese,anfassen,paprika,Paprika,bell pepper,biber (sebze),paprika,paprika,paprika,peberfrugt,poivron,web/audio/w1540.mp3
petersilie:peršun,17,gemuese,anfassen,peršun,Petersilie,parsley,maydanoz,persilja,peterselie,persille,persille,persil,web/audio/w1541.mp3
pilze:gljive,17,gemuese,anfassen,gljive,Pilze,mushrooms,mantar,svamp,paddenstoelen,sopp,svampe,champignons,web/audio/w1542.mp3
radieschen:rotkvica,17,gemuese,anfassen,rotkvica,Radieschen,radish,kırmızı turp,rädisa,radijs,reddik,radise,radis,web/audio/w1543.mp3
rote bete:cvekla,17,gemuese,anfassen,cvekla,Rote Bete,beet,kırmızı pancar,rödbeta,rode biet,rødbete,rødbede,betterave rouge,web/audio/w1544.mp3
rote zwiebel:crveni luk,17,gemuese,anfassen,crveni luk,rote Zwiebel,red onion,kırmızı soğan,rödlök,rode ui,rødløk,rødløg,oignon rouge,web/audio/w1545.mp3
scharfe paprika:ljuta paprika,17,gemuese,anfassen,ljuta paprika,scharfe Paprika,chili pepper,acı biber,stark paprika (chili),hete peper,sterk paprika (chili),stærk peberfrugt,piment fort,web/audio/w1546.mp3
sellerie:celer,17,gemuese,anfassen,celer,Sellerie,celery,kereviz,selleri,selderij,selleri,selleri,céleri,web/audio/w1547.mp3
spinat:špinat,17,gemuese,anfassen,špinat,Spinat,spinach,ıspanak,spenat,spinazie,spinat,spinat,épinards,web/audio/w1548.mp3
wirsing:kelj,17,gemuese,anfassen,kelj,Wirsing,savoy cabbage,kıvırcık lahana,savojkål,savooiekool,savoykål,savojkål,chou de Milan,web/audio/w1549.mp3
zucchini:tikvica,17,gemuese,anfassen,tikvica,Zucchini,zucchini,sakız kabağı,zucchini,courgette,squash (zucchini),squash (zucchini),courgette,web/audio/w1550.mp3
backpulver:prašak za pecivo,18,lebensmittel,anfassen,prašak za pecivo,Backpulver,baking powder,kabartma tozu,bakpulver,bakpoeder,bakepulver,bagepulver,levure chimique,web/audio/w1551.mp3
butter:maslac / puter,18,lebensmittel,anfassen,maslac / puter,Butter,butter,tereyağı,smör,boter,smør,smør,beurre,web/audio/w2151.mp3
eingelegtes gemüse:turšija,18,lebensmittel,anfassen,turšija,eingelegtes Gemüse,pickled vegetables,turşu,inlagda grönsaker,ingelegde groente,syltede grønnsaker,syltede grøntsager,légumes marinés,web/audio/w1553.mp3
eis (speiseeis):sladoled,18,lebensmittel,anfassen,sladoled,Eis (Speiseeis),ice cream,dondurma,glass,ijs (consumptie-ijs),iskrem,is (flødeis),glace (dessert),web/audio/w1554.mp3
gewürze:začini,18,lebensmittel,anfassen,začini,Gewürze,spices,baharat,kryddor,specerijen,krydder,krydderier,épices,web/audio/w1555.mp3
grieß:griz,18,lebensmittel,anfassen,griz,Grieß,semolina,irmik,mannagryn,griesmeel,semulegryn,semulje,semoule,web/audio/w1556.mp3
hackfleisch:mljeveno meso,18,lebensmittel,anfassen,mljeveno meso,Hackfleisch,ground meat,kıyma,köttfärs,gehakt,kjøttdeig,hakket kød,viande hachée,web/audio/w1557.mp3
hefe:kvasac,18,lebensmittel,anfassen,kvasac,Hefe,yeast,maya,jäst,gist,gjær,gær,levure,web/audio/w1558.mp3
kalbfleisch:teletina,18,lebensmittel,anfassen,teletina,Kalbfleisch,veal,dana eti,kalvkött,kalfsvlees,kalvekjøtt,kalvekød,viande de veau,web/audio/w1559.mp3
kekse:keks,18,lebensmittel,anfassen,keks,Kekse,cookies,bisküvi,kex,koekjes,kjeks,kiks,biscuits,web/audio/w1560.mp3
ketchup:kečap,18,lebensmittel,anfassen,kečap,Ketchup,ketchup,ketçap,ketchup,ketchup,ketchup,ketchup,ketchup,web/audio/w1561.mp3
konserve:konzerva,18,lebensmittel,anfassen,konzerva,Konserve,can (preserved food),konserve,konserv,conserven,hermetikkboks,konserves,conserve,web/audio/w1562.mp3
lammfleisch:janjetina,18,lebensmittel,anfassen,janjetina,Lammfleisch,lamb (meat),kuzu eti,lammkött,lamsvlees,lammekjøtt,lammekød,viande d'agneau,web/audio/w1563.mp3
leberpastete:pašteta,18,lebensmittel,anfassen,pašteta,Leberpastete,liver pâté,ciğer ezmesi,leverpastej,leverpastei,leverpostei,leverpostej,pâté de foie,web/audio/w1564.mp3
linsen:leća,18,lebensmittel,anfassen,leća,Linsen,lentils,mercimek,linser,linzen,linser,linser,lentilles,web/audio/w1565.mp3
margarine:margarin,18,lebensmittel,anfassen,margarin,Margarine,margarine,margarin,margarin,margarine,margarin,margarine,margarine,web/audio/w1566.mp3
marmelade:džem,18,lebensmittel,anfassen,džem,Marmelade,jam,reçel,sylt,jam,syltetøy,syltetøj (marmelade),confiture,web/audio/w1567.mp3
mayonnaise:majonez,18,lebensmittel,anfassen,majonez,Mayonnaise,mayonnaise,mayonez,majonnäs,mayonaise,majones,mayonnaise,mayonnaise,web/audio/w1568.mp3
mineralwasser:mineralna voda,18,lebensmittel,anfassen,mineralna voda,Mineralwasser,mineral water,maden suyu,mineralvatten,mineraalwater,mineralvann,mineralvand,eau minérale,web/audio/w1569.mp3
pflaumenmus:pekmez,18,lebensmittel,anfassen,pekmez,Pflaumenmus,plum butter (pekmez),pekmez (erik pekmezi),pekmez (plommonmos),pruimenmoes,plommemos,pekmez (tykt blommesyltetøj),pekmez (confiture de prunes),web/audio/w1570.mp3
rindfleisch:junetina,18,lebensmittel,anfassen,junetina,Rindfleisch,beef,sığır eti,nötkött,rundvlees,oksekjøtt,oksekød,viande de bœuf,web/audio/w1571.mp3
sahne:slatka pavlaka,18,lebensmittel,anfassen,slatka pavlaka,Sahne,cream,krema (süt kreması),grädde,room,fløte,fløde,crème (liquide),web/audio/w1572.mp3
salami:salama,18,lebensmittel,anfassen,salama,Salami,salami,salam,salami,salami,salami,salami,salami,web/audio/w1573.mp3
sauerkraut:kiseli kupus,18,lebensmittel,anfassen,kiseli kupus,Sauerkraut,sauerkraut (pickled cabbage),lahana turşusu,surkål,zuurkool,surkål,surkål,choucroute,web/audio/w1574.mp3
sauermilch:kiselo mlijeko,18,lebensmittel,anfassen,kiselo mlijeko,Sauermilch,sour milk (cultured milk),ekşi süt (yoğurda benzer içecek),surmjölk,zure melk,surmelk,syrnet mælk (tykmælk),lait fermenté,web/audio/w1575.mp3
saure sahne:kisela pavlaka,18,lebensmittel,anfassen,kisela pavlaka,saure Sahne,sour cream,ekşi krema,gräddfil,zure room,rømme,cremefraiche,crème aigre,web/audio/w1576.mp3
schinken:šunka,18,lebensmittel,anfassen,šunka,Schinken,ham,jambon,skinka,ham,skinke,skinke,jambon,web/audio/w1577.mp3
schlagsahne:šlag,18,lebensmittel,anfassen,šlag,Schlagsahne,whipped cream,krem şanti,vispad grädde,slagroom,pisket krem,flødeskum,crème fouettée,web/audio/w1578.mp3
schokolade:čokolada,18,lebensmittel,anfassen,čokolada,Schokolade,chocolate,çikolata,choklad,chocolade,sjokolade,chokolade,chocolat,web/audio/w1579.mp3
senf:senf,18,lebensmittel,anfassen,senf,Senf,mustard,hardal,senap,mosterd,sennep,sennep,moutarde,web/audio/w1580.mp3
sprudelwasser:kisela voda,18,lebensmittel,anfassen,kisela voda,Sprudelwasser,sparkling water,gazlı su (soda),kolsyrat vatten,koolzuurhoudend water,kullsyreholdig vann,danskvand,eau gazeuse,web/audio/w1581.mp3
sudžuk:sudžuk,18,lebensmittel,anfassen,sudžuk,Sudžuk,sudžuk (dry spicy beef sausage),sudžuk (sucuk),sudžuk (kryddig korv),sudžuk,sudžuk,sudžuk,sudžuk (saucisse épicée),web/audio/w1582.mp3
thunfisch:tunjevina,18,lebensmittel,anfassen,tunjevina,Thunfisch,tuna,ton balığı,tonfisk,tonijn,tunfisk,tun,thon,web/audio/w1583.mp3
wintervorrat:zimnica,18,lebensmittel,anfassen,zimnica,Wintervorrat,winter supplies (preserved food),kışlık erzak,vinterförråd,wintervoorraad,vinterforråd,vinterforråd,provisions d'hiver,web/audio/w1584.mp3
wurst:kobasica,18,lebensmittel,anfassen,kobasica,Wurst,sausage,sosis,korv,worst,pølse,pølse,saucisse,web/audio/w1585.mp3
essig:sirće,19,vorrat,anfassen,sirće,Essig,vinegar,sirke,vinäger,azijn,eddik,eddike,vinaigre,web/audio/w1586.mp3
honig:med,19,vorrat,anfassen,med,Honig,honey,bal,honung,honing,honning,honning,miel,web/audio/w1587.mp3
joghurt:jogurt,19,vorrat,anfassen,jogurt,Joghurt,yogurt,yoğurt,yoghurt,yoghurt,yoghurt,yoghurt,yaourt,web/audio/w1588.mp3
mehl:brašno,19,vorrat,anfassen,brašno,Mehl,flour,un,mjöl,meel,mel,mel,farine,web/audio/w1589.mp3
nudeln:tjestenina,19,vorrat,anfassen,tjestenina,Nudeln,pasta,makarna,pasta,pasta,pasta,pasta,pâtes,web/audio/w1590.mp3
pfeffer:biber,19,vorrat,anfassen,biber,Pfeffer,pepper (spice),kara biber,peppar,peper,pepper,peber,poivre,web/audio/w1591.mp3
sauerrahm / schmand:pavlaka,19,vorrat,anfassen,pavlaka,Sauerrahm / Schmand,sour cream,ekşi krema,gräddfil / crème fraîche,zure room,rømme,cremefraiche (syrnet fløde),crème aigre / crème épaisse,web/audio/w1592.mp3
speiseöl:ulje,19,vorrat,anfassen,ulje,Speiseöl,cooking oil,yemeklik yağ,matolja,olie (om te koken),matolje,madolie,huile de cuisine,web/audio/w1593.mp3
blätterteig:jufka,19,vorrat,anfassen,jufka,Blätterteig,filo pastry,yufka,filodeg,bladerdeeg,filodeig,fillodej,pâte filo,web/audio/w1594.mp3
fladenbrot (rund):pogača,19,vorrat,anfassen,pogača,Fladenbrot (rund),flatbread (round),pide (yuvarlak),tunnbröd (runt),platbrood (rond),rundt brød,fladbrød (rundt),pain plat (rond),web/audio/w1595.mp3
gebäck:pecivo,19,vorrat,anfassen,pecivo,Gebäck,baked goods,hamur işi (çörek),bakverk,gebak / broodjes,bakverk,bagværk,petit pain,web/audio/w1596.mp3
hörnchen:kifla,19,vorrat,anfassen,kifla,Hörnchen,crescent roll,ay çöreği,giffel,hoorntje (broodje),horn (bakverk),horn (bagværk),petit pain en croissant,web/audio/w1597.mp3
cremeschnitte:šampita,19,vorrat,anfassen,šampita,Cremeschnitte,meringue cream slice,šampita (bezeli kremalı pasta),šampita (marängbakelse),roomgebakje,napoleonskake,šampita (cremekage),tranche à la crème meringuée,web/audio/w1598.mp3
fadengebäck:kadaif,19,vorrat,anfassen,kadaif,Fadengebäck,shredded pastry (angel hair),tel kadayıf,kadaif (trådbakelse),draadjesgebak,kadaif (bakverk av tynne tråder),kadaif (trådbagværk),kadaïf (cheveux d'ange),web/audio/w1599.mp3
sirupgebäck:hurmašice,19,vorrat,anfassen,hurmašice,Sirupgebäck,syrup-soaked pastry (hurmašice),şerbetli hamur tatlısı,hurmašice (sirapsbakelse),siroopgebak,bakverk i sirup,hurmašice (sirupskager),pâtisserie au sirop,web/audio/w1600.mp3
rakija (obstbrand):rakija,19,vorrat,anfassen,rakija,Rakija (Obstbrand),rakija (fruit brandy),rakija (meyveden yapılan sert içki),rakija (fruktbrännvin),rakija (vruchtenbrandewijn),rakija (fruktbrennevin),rakija (frugtbrændevin),rakija (eau-de-vie de fruits),web/audio/w1601.mp3
wein:vino,19,vorrat,anfassen,vino,Wein,wine,şarap,vin,wijn,vin,vin,vin,web/audio/w1602.mp3
bosnischer kaffee:bosanska kahva,19,vorrat,anfassen,bosanska kahva,bosnischer Kaffee,Bosnian coffee,Bosna kahvesi,bosniskt kaffe,Bosnische koffie,bosnisk kaffe,bosnisk kaffe,café bosnien,web/audio/w1603.mp3
"eine bosnische, bitte:Jednu bosansku kahvu, molim",19,vorrat,anfassen,"Jednu bosansku kahvu, molim","Eine bosnische, bitte","A Bosnian coffee, please","Bir Bosna kahvesi, lütfen","Ett bosniskt kaffe, tack","Een Bosnische, alstublieft","En bosnisk kaffe, takk","En bosnisk kaffe, tak","Un café bosnien, s'il vous plaît",web/audio/w1604.mp3
kupferkännchen:džezva,19,vorrat,anfassen,džezva,Kupferkännchen,copper coffee pot,cezve,kopparkanna,koperen kannetje,kobberkanne (til kaffe),kobberkande (til kaffe),petite cafetière en cuivre,web/audio/w1605.mp3
langsam:polako,19,vorrat,anfassen,polako,langsam,slowly,yavaş,långsamt,langzaam,sakte,langsomt,lentement,web/audio/w1606.mp3
würfelzucker:šećer u kocki,19,vorrat,anfassen,šećer u kocki,Würfelzucker,sugar cubes,küp şeker,bitsocker,suikerklontjes,sukkerbiter,sukkerknald,sucre en morceaux,web/audio/w1607.mp3
auf die gesundheit!:U zdravlje!,19,vorrat,anfassen,U zdravlje!,Auf die Gesundheit!,To your health!,Sağlığınıza!,Skål! (för hälsan),Op je gezondheid!,Skål for helsen!,Skål for helbredet!,À votre santé !,web/audio/w1608.mp3
"einen rakija, bitte:Jednu rakiju, molim",19,vorrat,anfassen,"Jednu rakiju, molim","Einen Rakija, bitte","One rakija, please","Bir rakija, lütfen","En rakija, tack","Een rakija, alstublieft","En rakija, takk","En rakija, tak","Une rakija, s'il vous plaît",web/audio/w1609.mp3
kräuterbrand:travarica,19,vorrat,anfassen,travarica,Kräuterbrand,herbal brandy,otlu rakija,örtbrännvin,kruidenbrandewijn,urtebrennevin,urtebrændevin,eau-de-vie aux herbes,web/audio/w1610.mp3
selbstgebrannt:domaća rakija,19,vorrat,anfassen,domaća rakija,selbstgebrannt,home-distilled,ev yapımı rakija,hembränt,zelfgestookt,hjemmebrent,hjemmebrændt,eau-de-vie maison,web/audio/w1611.mp3
traubenbrand:loza,19,vorrat,anfassen,loza,Traubenbrand,grape brandy,üzüm rakijası,druvbrännvin,druivenbrandewijn,druebrennevin,druebrændevin,eau-de-vie de raisin,web/audio/w1612.mp3
zwetschgenbrand:šljivovica,19,vorrat,anfassen,šljivovica,Zwetschgenbrand,plum brandy,erik rakijası,plommonbrännvin (slivovits),pruimenbrandewijn,plommebrennevin,blommebrændevin,eau-de-vie de prune,web/audio/w1613.mp3
haustier:kućni ljubimac,20,tiere,tiernatur,kućni ljubimac,Haustier,pet,evcil hayvan,husdjur,huisdier,kjæledyr,kæledyr,animal de compagnie,web/audio/w1614.mp3
tier:životinja,20,tiere,tiernatur,životinja,Tier,animal,hayvan,djur,dier,dyr,dyr,animal,web/audio/w1615.mp3
vieh / nutztiere:stoka,20,tiere,tiernatur,stoka,Vieh / Nutztiere,livestock / farm animals,çiftlik hayvanları / besi hayvanları,boskap / lantbruksdjur,vee / boerderijdieren,buskap / husdyr,kvæg / husdyr,bétail / animaux de ferme,web/audio/w1616.mp3
ente:patka,20,tiere,tiernatur,patka,Ente,duck,ördek,anka,eend,and,and,canard,web/audio/w1617.mp3
esel:magarac,20,tiere,tiernatur,magarac,Esel,donkey,eşek,åsna,ezel,esel,æsel,âne,web/audio/w1618.mp3
gans:guska,20,tiere,tiernatur,guska,Gans,goose,kaz,gås,gans,gås,gås,oie,web/audio/w1619.mp3
hahn:horoz,20,tiere,tiernatur,horoz,Hahn,rooster,horoz,tupp,haan,hane,hane,coq,web/audio/w1620.mp3
hof / innenhof:avlija,20,tiere,tiernatur,avlija,Hof / Innenhof,yard / courtyard,avlu / iç avlu,gård / innergård,erf / binnenplaats,gård / gårdsplass,gård / gårdhave,cour / cour intérieure,web/audio/w1621.mp3
huhn:kokoš,20,tiere,tiernatur,kokoš,Huhn,chicken (hen),tavuk,höna,hen,høne,høne,poule,web/audio/w1622.mp3
kalb:tele,20,tiere,tiernatur,tele,Kalb,calf,buzağı,kalv,kalf,kalv,kalv,veau,web/audio/w1623.mp3
kueken / haehnchen:pile,20,tiere,tiernatur,pile,Kueken / Haehnchen,chick / young chicken,civciv / piliç,kycklingunge / kyckling,kuiken / jonge kip,kyllingunge / kylling,kyllingunge / kylling,poussin / poulet,web/audio/w1365.mp3
kuh:krava,20,tiere,tiernatur,krava,Kuh,cow,inek,ko,koe,ku,ko,vache,web/audio/w1624.mp3
lamm:jagnje,20,tiere,tiernatur,jagnje,Lamm,lamb,kuzu,lamm,lam,lam,lam,agneau,web/audio/w1625.mp3
pferd:konj,20,tiere,tiernatur,konj,Pferd,horse,at,häst,paard,hest,hest,cheval,web/audio/w1626.mp3
schaf:ovca,20,tiere,tiernatur,ovca,Schaf,sheep,koyun,får,schaap,sau,får,mouton,web/audio/w1627.mp3
schwein:svinja,20,tiere,tiernatur,svinja,Schwein,pig,domuz,gris,varken,gris,gris,cochon,web/audio/w1628.mp3
schweinefleisch:svinjetina,20,tiere,tiernatur,svinjetina,Schweinefleisch,pork,domuz eti,fläskkött,varkensvlees,svinekjøtt,svinekød,viande de porc,web/audio/w1629.mp3
stall:štala,20,tiere,tiernatur,štala,Stall,stable (barn),ahır,stall,stal,fjøs / stall,stald,étable,web/audio/w1630.mp3
stier:bik,20,tiere,tiernatur,bik,Stier,bull,boğa,tjur,stier,tyr,tyr,taureau,web/audio/w1631.mp3
welpe:štene,20,tiere,tiernatur,štene,Welpe,puppy,köpek yavrusu,valp,puppy,valp,hvalp,chiot,web/audio/w1632.mp3
ziege:koza,20,tiere,tiernatur,koza,Ziege,goat,keçi,get,geit,geit,ged,chèvre,web/audio/w1633.mp3
adler:orao,20,tiere,tiernatur,orao,Adler,eagle,kartal,örn,arend,ørn,ørn,aigle,web/audio/w1634.mp3
eule:sova,20,tiere,tiernatur,sova,Eule,owl,baykuş,uggla,uil,ugle,ugle,chouette,web/audio/w1635.mp3
kraehe:vrana,20,tiere,tiernatur,vrana,Kraehe,crow,karga,kråka,kraai,kråke,krage,corneille,web/audio/w1636.mp3
nest:gnijezdo,20,tiere,tiernatur,gnijezdo,Nest,nest,yuva (kuş yuvası),bo (fågelbo),nest,reir,rede,nid,web/audio/w1637.mp3
schwalbe:lastavica,20,tiere,tiernatur,lastavica,Schwalbe,swallow (bird),kırlangıç,svala,zwaluw,svale,svale,hirondelle,web/audio/w1638.mp3
spatz:vrabac,20,tiere,tiernatur,vrabac,Spatz,sparrow,serçe,sparv,mus,spurv,spurv,moineau,web/audio/w1639.mp3
storch:roda,20,tiere,tiernatur,roda,Storch,stork,leylek,stork,ooievaar,stork,stork,cigogne,web/audio/w1640.mp3
taube:golub,20,tiere,tiernatur,golub,Taube,pigeon,güvercin,duva,duif,due,due,pigeon,web/audio/w1641.mp3
baer:medvjed,21,tiere_wild,tiernatur,medvjed,Baer,bear,ayı,björn,beer (dier),bjørn,bjørn,ours,web/audio/w1642.mp3
drache:zmaj,21,tiere_wild,tiernatur,zmaj,Drache,dragon,ejderha,drake,draak,drage,drage,dragon,web/audio/w1643.mp3
eichhoernchen:vjeverica,21,tiere_wild,tiernatur,vjeverica,Eichhoernchen,squirrel,sincap,ekorre,eekhoorn,ekorn,egern,écureuil,web/audio/w1644.mp3
frosch:žaba,21,tiere_wild,tiernatur,žaba,Frosch,frog,kurbağa,groda,kikker,frosk,frø (dyr),grenouille,web/audio/w1645.mp3
fuchs:lisica,21,tiere_wild,tiernatur,lisica,Fuchs,fox,tilki,räv,vos,rev,ræv,renard,web/audio/w1646.mp3
hase:zec,21,tiere_wild,tiernatur,zec,Hase,hare,yaban tavşanı,hare,haas,hare,hare,lièvre,web/audio/w1647.mp3
hirsch:jelen,21,tiere_wild,tiernatur,jelen,Hirsch,deer,geyik,hjort,hert,hjort,hjort,cerf,web/audio/w1648.mp3
igel:jež,21,tiere_wild,tiernatur,jež,Igel,hedgehog,kirpi,igelkott,egel,piggsvin,pindsvin,hérisson,web/audio/w1649.mp3
kaninchen:kunić,21,tiere_wild,tiernatur,kunić,Kaninchen,rabbit,evcil tavşan,kanin,konijn,kanin,kanin,lapin,web/audio/w1650.mp3
luchs:ris,21,tiere_wild,tiernatur,ris,Luchs,lynx,vaşak,lodjur,lynx,gaupe,los (kattedyr),lynx,web/audio/w1651.mp3
maus:miš,21,tiere_wild,tiernatur,miš,Maus,mouse,fare,mus,muis,mus,mus,souris,web/audio/w1652.mp3
ratte:pacov,21,tiere_wild,tiernatur,pacov,Ratte,rat,sıçan,råtta,rat,rotte,rotte,rat,web/audio/w1653.mp3
reh:srna,21,tiere_wild,tiernatur,srna,Reh,roe deer,karaca,rådjur,ree,rådyr,rådyr,chevreuil,web/audio/w1654.mp3
schlange:zmija,21,tiere_wild,tiernatur,zmija,Schlange,snake,yılan,orm,slang (dier),slange (dyret),slange (dyr),serpent,web/audio/w1655.mp3
wildschwein:divlja svinja,21,tiere_wild,tiernatur,divlja svinja,Wildschwein,wild boar,yaban domuzu,vildsvin,wild zwijn,villsvin,vildsvin,sanglier,web/audio/w1656.mp3
wolf:vuk,21,tiere_wild,tiernatur,vuk,Wolf,wolf,kurt,varg,wolf,ulv,ulv,loup,web/audio/w1657.mp3
ameise:mrav,21,tiere_wild,tiernatur,mrav,Ameise,ant,karınca,myra,mier,maur,myre,fourmi,web/audio/w1658.mp3
fliege:muha,21,tiere_wild,tiernatur,muha,Fliege,fly (insect),sinek,fluga,vlieg,flue,flue,mouche,web/audio/w1659.mp3
floh:buha,21,tiere_wild,tiernatur,buha,Floh,flea,pire,loppa,vlo,loppe,loppe,puce,web/audio/w1660.mp3
forelle:pastrmka,21,tiere_wild,tiernatur,pastrmka,Forelle,trout,alabalık,öring,forel,ørret,ørred,truite,web/audio/w1661.mp3
muecke:komarac,21,tiere_wild,tiernatur,komarac,Muecke,mosquito,sivrisinek,mygga,mug,mygg,myg,moustique,web/audio/w1662.mp3
schmetterling:leptir,21,tiere_wild,tiernatur,leptir,Schmetterling,butterfly,kelebek,fjäril,vlinder,sommerfugl,sommerfugl,papillon,web/audio/w1663.mp3
schnecke:puž,21,tiere_wild,tiernatur,puž,Schnecke,snail,salyangoz,snigel,slak,snegl,snegl,escargot,web/audio/w1664.mp3
spinne:pauk,21,tiere_wild,tiernatur,pauk,Spinne,spider,örümcek,spindel,spin,edderkopp,edderkop,araignée,web/audio/w1665.mp3
wespe:osa,21,tiere_wild,tiernatur,osa,Wespe,wasp,yaban arısı,geting,wesp,veps,hveps,guêpe,web/audio/w1666.mp3
wurm:crv,21,tiere_wild,tiernatur,crv,Wurm,worm,solucan,mask (djur),worm,mark (meitemark),orm,ver,web/audio/w1667.mp3
zecke:krpelj,21,tiere_wild,tiernatur,krpelj,Zecke,tick (parasite),kene,fästing,teek,flått,flåt,tique,web/audio/w1668.mp3
flohmarkt:buvljak,21,tiere_wild,tiernatur,buvljak,Flohmarkt,flea market,bit pazarı,loppmarknad,vlooienmarkt,loppemarked,loppemarked,marché aux puces,web/audio/w1669.mp3
feder:pero,22,tiere_umgang,tiernatur,pero,Feder,feather,tüy (kuş tüyü),fjäder (fågel),veer (van een vogel),fjær,fjer,plume,web/audio/w1670.mp3
fell:krzno,22,tiere_umgang,tiernatur,krzno,Fell,fur,kürk,päls,vacht,pels,pels,fourrure,web/audio/w1671.mp3
fluegel:krilo,22,tiere_umgang,tiernatur,krilo,Fluegel,wing,kanat,vinge,vleugel,vinge,vinge,aile,web/audio/w1672.mp3
horn:rog,22,tiere_umgang,tiernatur,rog,Horn,horn,boynuz,horn,hoorn (van dier),horn,horn,corne,web/audio/w1673.mp3
leine:povodac,22,tiere_umgang,tiernatur,povodac,Leine,leash,tasma (gezdirme kayışı),koppel,hondenlijn,hundebånd,hundesnor,laisse,web/audio/w1674.mp3
schwanz:rep,22,tiere_umgang,tiernatur,rep,Schwanz,tail,kuyruk,svans,staart,hale,hale,queue (d'un animal),web/audio/w1675.mp3
tierarzt:veterinar,22,tiere_umgang,tiernatur,veterinar,Tierarzt,veterinarian,veteriner,veterinär,dierenarts,veterinær,dyrlæge,vétérinaire,web/audio/w1676.mp3
beissen:ugristi,22,tiere_umgang,tiernatur,ugristi,beissen,to bite,ısırmak,bita,bijten,bite,bide,mordre,web/audio/w1677.mp3
beisst er?:Hoće li ujesti?,22,tiere_umgang,tiernatur,Hoće li ujesti?,Beisst er?,Does he bite?,Isırır mı?,Bits den?,Bijt hij?,Biter den?,Bider den?,Est-ce qu'il mord ?,web/audio/w1678.mp3
bellen:lajati,22,tiere_umgang,tiernatur,lajati,bellen,to bark,havlamak,skälla,blaffen,bjeffe,gø,aboyer,web/audio/w1679.mp3
fuettern:hraniti,22,tiere_umgang,tiernatur,hraniti,fuettern,to feed,beslemek,mata,voeren,mate,fodre,nourrir,web/audio/w1680.mp3
ich habe angst vor hunden:Bojim se pasa,22,tiere_umgang,tiernatur,Bojim se pasa,Ich habe Angst vor Hunden,I am afraid of dogs,Köpeklerden korkuyorum,Jag är rädd för hundar,Ik ben bang voor honden,Jeg er redd for hunder,Jeg er bange for hunde,J'ai peur des chiens,web/audio/w1681.mp3
spazieren gehen:šetati,22,tiere_umgang,tiernatur,šetati,spazieren gehen,to go for a walk,yürüyüşe çıkmak,promenera,wandelen,gå tur,gå en tur,se promener,web/audio/w1682.mp3
spaziergang:šetnja,22,tiere_umgang,tiernatur,šetnja,Spaziergang,walk (outing),yürüyüş,promenad,wandeling,spasertur,gåtur,promenade,web/audio/w1683.mp3
stechen (insekt):ubosti,22,tiere_umgang,tiernatur,ubosti,stechen (Insekt),to sting (insect),sokmak (böcek),sticka (insekt),steken (insect),stikke (insekt),stikke (insekt),piquer (insecte),web/audio/w1684.mp3
vorsicht vor dem hund!:Čuvaj se psa!,22,tiere_umgang,tiernatur,Čuvaj se psa!,Vorsicht vor dem Hund!,Beware of the dog!,Köpeğe dikkat!,Varning för hunden!,Pas op voor de hond!,Vokt deg for hunden!,Pas på hunden!,Attention au chien !,web/audio/w1685.mp3
der hund hat mich gebissen:Pas me je ujeo,22,tiere_umgang,tiernatur,Pas me je ujeo,Der Hund hat mich gebissen,The dog bit me,Köpek beni ısırdı,Hunden har bitit mig,De hond heeft me gebeten,Hunden bet meg,Hunden har bidt mig,Le chien m'a mordu,web/audio/w1686.mp3
gefaehrlich:opasno,22,tiere_umgang,tiernatur,opasno,gefaehrlich,dangerous,tehlikeli,farligt,gevaarlijk,farlig,farligt,dangereux,web/audio/w1687.mp3
gefahr:opasnost,22,tiere_umgang,tiernatur,opasnost,Gefahr,danger,tehlike,fara,gevaar,fare,fare,danger,web/audio/w1688.mp3
mine (landmine):mina,22,tiere_umgang,tiernatur,mina,Mine (Landmine),mine (landmine),mayın (kara mayını),mina (landmina),mijn (landmijn),mine (landmine),mine (landmine),mine (mine terrestre),web/audio/w1689.mp3
verboten:zabranjeno,22,tiere_umgang,tiernatur,zabranjeno,verboten,forbidden,yasak,förbjudet,verboden,forbudt,forbudt,interdit,web/audio/w1690.mp3
vorsicht! / pass auf!:Pazi!,22,tiere_umgang,tiernatur,Pazi!,Vorsicht! / Pass auf!,Careful! / Watch out!,Dikkat! / Dikkat et!,Se upp! / Var försiktig!,Voorzichtig! / Pas op!,Se opp! / Pass på!,Forsigtig! / Pas på!,Attention ! / Fais attention !,web/audio/w1691.mp3
bach:potok,23,natur,tiernatur,potok,Bach,stream,dere,bäck,beek,bekk,bæk,ruisseau,web/audio/w1692.mp3
blatt:list,23,natur,tiernatur,list,Blatt,leaf,yaprak,löv,blad (van een boom),blad (på plante),blad,feuille (d'arbre),web/audio/w1693.mp3
brunnen:bunar,23,natur,tiernatur,bunar,Brunnen,well (for water),su kuyusu,brunn,waterput,brønn,brønd,puits,web/audio/w1694.mp3
erde / boden:zemlja,23,natur,tiernatur,zemlja,Erde / Boden,soil / ground,toprak,jord / mark,aarde / bodem,jord / bakke,jord / jordbund,terre / sol,web/audio/w1695.mp3
feld / acker:polje,23,natur,tiernatur,polje,Feld / Acker,field / farmland,tarla,fält / åker,veld / akker,mark / åker,mark / ager,champ,web/audio/w1696.mp3
fels:stijena,23,natur,tiernatur,stijena,Fels,rock,kaya,klippa,rots,klippe,klippe,rocher,web/audio/w1697.mp3
feuer:vatra,23,natur,tiernatur,vatra,Feuer,fire,ateş,eld,vuur,ild,ild,feu,web/audio/w1698.mp3
gipfel:vrh,23,natur,tiernatur,vrh,Gipfel,peak,zirve,topp (berg),top (van een berg),fjelltopp,bjergtop,sommet,web/audio/w1699.mp3
gras:trava,23,natur,tiernatur,trava,Gras,grass,çimen,gräs,gras,gress,græs,herbe,web/audio/w1700.mp3
hoehle:pećina,23,natur,tiernatur,pećina,Hoehle,cave,mağara,grotta,grot,hule,hule,grotte,web/audio/w1701.mp3
huegel:brdo,23,natur,tiernatur,brdo,Huegel,hill,tepe,kulle,heuvel,haug,bakke,colline,web/audio/w1702.mp3
insel:ostrvo,23,natur,tiernatur,ostrvo,Insel,island,ada,ö,eiland,øy,ø,île,web/audio/w1703.mp3
luft:zrak,23,natur,tiernatur,zrak,Luft,air,hava,luft,lucht,luft,luft,air,web/audio/w1704.mp3
natur:priroda,23,natur,tiernatur,priroda,Natur,nature,doğa,natur,natuur,natur,natur,nature,web/audio/w1705.mp3
quelle:izvor,23,natur,tiernatur,izvor,Quelle,spring (water source),kaynak (su kaynağı),källa (vattenkälla),bron (waterbron),kilde (vannkilde),kilde (vandkilde),source (d'eau),web/audio/w1706.mp3
sand:pijesak,23,natur,tiernatur,pijesak,Sand,sand,kum,sand,zand,sand,sand,sable,web/audio/w1707.mp3
stein:kamen,23,natur,tiernatur,kamen,Stein,stone,taş,sten,steen,stein,sten,pierre,web/audio/w1708.mp3
tal:dolina,23,natur,tiernatur,dolina,Tal,valley,vadi,dal,vallei,dal,dal,vallée,web/audio/w1709.mp3
ufer:obala,23,natur,tiernatur,obala,Ufer,shore,kıyı,strand,oever,bredd (ved vann),kyst / bred,rive (bord de l'eau),web/audio/w1710.mp3
wasserfall:vodopad,23,natur,tiernatur,vodopad,Wasserfall,waterfall,şelale,vattenfall,waterval,foss,vandfald,cascade,web/audio/w1711.mp3
weg / pfad:put / staza,23,natur,tiernatur,put / staza,Weg / Pfad,way / path,yol / patika,väg / stig,weg / pad,vei / sti,vej / sti,chemin / sentier,web/audio/w2152.mp3
wiese:livada,23,natur,tiernatur,livada,Wiese,meadow,çayır,äng,weide,eng,eng,pré,web/audio/w1713.mp3
ast / zweig:grana,23,natur,tiernatur,grana,Ast / Zweig,branch / twig,dal / ince dal,gren / kvist,tak,gren / kvist,gren / kvist,branche / rameau,web/audio/w1714.mp3
kamille:kamilica,23,natur,tiernatur,kamilica,Kamille,chamomile,papatya,kamomill,kamille,kamille,kamille,camomille,web/audio/w1715.mp3
linde:lipa,23,natur,tiernatur,lipa,Linde,linden tree,ıhlamur,lind,linde,lind,lind (træ),tilleul,web/audio/w1716.mp3
minze:nana (auch: metvica),23,natur,tiernatur,nana (auch: metvica),Minze,mint,nane,mynta,munt (plant),mynte,mynte,menthe,web/audio/w1717.mp3
pflanze:biljka,23,natur,tiernatur,biljka,Pflanze,plant,bitki,växt,plant,plante,plante,plante,web/audio/w1718.mp3
pflaume / pflaumenbaum:šljiva,23,natur,tiernatur,šljiva,Pflaume / Pflaumenbaum,plum / plum tree,erik / erik ağacı,plommon / plommonträd,pruim / pruimenboom,plomme / plommetre,blomme / blommetræ,prune / prunier,web/audio/w1719.mp3
walnuss / walnussbaum:orah,23,natur,tiernatur,orah,Walnuss / Walnussbaum,walnut / walnut tree,ceviz / ceviz ağacı,valnöt / valnötsträd,walnoot / walnotenboom,valnøtt / valnøttre,valnød / valnøddetræ,noix / noyer,web/audio/w1720.mp3
wurzel:korijen,23,natur,tiernatur,korijen,Wurzel,root (plant),kök,rot (växt),wortel (van een plant),rot (plante),rod (plante),racine,web/audio/w1721.mp3
backofen:rerna,24,kueche_bad,zuhause2,rerna,Backofen,oven,fırın,ugn,oven,stekeovn,ovn,four,web/audio/w1722.mp3
flasche:flaša,24,kueche_bad,zuhause2,flaša,Flasche,bottle,şişe,flaska,fles,flaske,flaske,bouteille,web/audio/w1723.mp3
gabel:viljuška,24,kueche_bad,zuhause2,viljuška,Gabel,fork,çatal,gaffel,vork,gaffel,gaffel,fourchette,web/audio/w1724.mp3
gefrierschrank:zamrzivač,24,kueche_bad,zuhause2,zamrzivač,Gefrierschrank,freezer,dondurucu,frys,vrieskast,fryser,fryser,congélateur,web/audio/w1725.mp3
geschirr:suđe,24,kueche_bad,zuhause2,suđe,Geschirr,dishes (crockery),tabak çanak (bulaşık),disk (tallrikar och glas),serviesgoed,servise,service (tallerkener),vaisselle,web/audio/w1726.mp3
geschirr spülen:prati suđe,24,kueche_bad,zuhause2,prati suđe,Geschirr spülen,to wash the dishes,bulaşık yıkamak,diska,afwassen,vaske opp,vaske op,faire la vaisselle,web/audio/w1727.mp3
pfanne:tava,24,kueche_bad,zuhause2,tava,Pfanne,pan,tava,stekpanna,pan,stekepanne,stegepande,poêle (à frire),web/audio/w1728.mp3
teller:tanjir,24,kueche_bad,zuhause2,tanjir,Teller,plate,tabak,tallrik,bord (om te eten),tallerken,tallerken,assiette,web/audio/w1729.mp3
topf:lonac,24,kueche_bad,zuhause2,lonac,Topf,pot (for cooking),tencere,kastrull,kookpan,gryte,gryde,casserole,web/audio/w1730.mp3
tüte / plastiktüte:kesa,24,kueche_bad,zuhause2,kesa,Tüte / Plastiktüte,bag / plastic bag,poşet / plastik poşet,påse / plastpåse,zakje / plastic zakje,pose / plastpose,pose / plastikpose,sac / sac en plastique,web/audio/w1731.mp3
bettwäsche:posteljina,24,kueche_bad,zuhause2,posteljina,Bettwäsche,bed linen,nevresim,sängkläder,beddengoed,sengetøy,sengetøj,linge de lit,web/audio/w1732.mp3
decke (bettdecke):deka,24,kueche_bad,zuhause2,deka,Decke (Bettdecke),blanket (for the bed),battaniye,täcke (sängtäcke),deken (voor het bed),pledd,tæppe (til sengen),couverture (de lit),web/audio/w1733.mp3
kissen:jastuk,24,kueche_bad,zuhause2,jastuk,Kissen,pillow,yastık,kudde,kussen,pute,pude,oreiller,web/audio/w1734.mp3
regal / brett:polica,24,kueche_bad,zuhause2,polica,Regal / Brett,shelf / board,raf,hylla / hyllplan,schap / plank,hylle,hylde / bræt,étagère / planche,web/audio/w1735.mp3
schrank:ormar,24,kueche_bad,zuhause2,ormar,Schrank,cupboard,dolap,skåp,kast,skap,skab,armoire,web/audio/w1736.mp3
sofa:kauč,24,kueche_bad,zuhause2,kauč,Sofa,sofa,kanepe,soffa,bank (zitbank),sofa,sofa,canapé,web/audio/w1737.mp3
vorhang:zavjesa,24,kueche_bad,zuhause2,zavjesa,Vorhang,curtain,perde,gardin,gordijn,gardin,gardin,rideau,web/audio/w1738.mp3
dusche:tuš,24,kueche_bad,zuhause2,tuš,Dusche,shower,duş,dusch,douche,dusj,brusebad,douche,web/audio/w1739.mp3
spiegel:ogledalo,24,kueche_bad,zuhause2,ogledalo,Spiegel,mirror,ayna,spegel,spiegel,speil,spejl,miroir,web/audio/w1740.mp3
toilette:WC,24,kueche_bad,zuhause2,WC,Toilette,toilet,tuvalet,toalett,toilet,toalett,toilet,toilettes,web/audio/w1741.mp3
toilettenpapier:toalet papir,24,kueche_bad,zuhause2,toalet papir,Toilettenpapier,toilet paper,tuvalet kâğıdı,toalettpapper,toiletpapier,toalettpapir,toiletpapir,papier toilette,web/audio/w1742.mp3
waschbecken:lavabo,24,kueche_bad,zuhause2,lavabo,Waschbecken,washbasin,lavabo,handfat,wastafel,servant,håndvask,lavabo,web/audio/w1743.mp3
zahnbürste:četkica za zube,24,kueche_bad,zuhause2,četkica za zube,Zahnbürste,toothbrush,diş fırçası,tandborste,tandenborstel,tannbørste,tandbørste,brosse à dents,web/audio/w1744.mp3
zahnpasta:pasta za zube,24,kueche_bad,zuhause2,pasta za zube,Zahnpasta,toothpaste,diş macunu,tandkräm,tandpasta,tannkrem,tandpasta,dentifrice,web/audio/w1745.mp3
aufräumen:pospremiti,25,putzen,zuhause2,pospremiti,aufräumen,to tidy up,ortalığı toplamak,städa upp,opruimen,rydde,rydde op,ranger,web/audio/w1746.mp3
besen:metla,25,putzen,zuhause2,metla,Besen,broom,süpürge,kvast,bezem,kost (til å sope med),kost,balai,web/audio/w1747.mp3
bügeleisen:pegla,25,putzen,zuhause2,pegla,Bügeleisen,iron (for clothes),ütü,strykjärn,strijkijzer,strykejern,strygejern,fer à repasser,web/audio/w1748.mp3
bügeln:peglati,25,putzen,zuhause2,peglati,bügeln,to iron,ütülemek,stryka (kläder),strijken,stryke (tøy),stryge (tøj),repasser,web/audio/w1749.mp3
eimer:kanta,25,putzen,zuhause2,kanta,Eimer,bucket,kova,hink,emmer,bøtte,spand,seau,web/audio/w1750.mp3
müll:smeće,25,putzen,zuhause2,smeće,Müll,trash,çöp,sopor,afval,søppel,affald,ordures,web/audio/w1751.mp3
mülleimer / mülltonne:kanta za smeće,25,putzen,zuhause2,kanta za smeće,Mülleimer / Mülltonne,trash can / garbage bin,çöp kovası / çöp bidonu,sophink / soptunna,vuilnisbak / vuilniscontainer,søppelbøtte / søppeldunk,skraldespand / affaldscontainer,poubelle,web/audio/w1752.mp3
sauber:čisto,25,putzen,zuhause2,čisto,sauber,clean,temiz,rent,schoon,rent,rent,propre,web/audio/w1753.mp3
schmutzig:prljavo,25,putzen,zuhause2,prljavo,schmutzig,dirty,kirli,smutsigt,vies,skittent,snavset,sale,web/audio/w1754.mp3
staubsauger:usisivač,25,putzen,zuhause2,usisivač,Staubsauger,vacuum cleaner,elektrikli süpürge,dammsugare,stofzuiger,støvsuger,støvsuger,aspirateur,web/audio/w1755.mp3
waschmaschine:veš mašina,25,putzen,zuhause2,veš mašina,Waschmaschine,washing machine,çamaşır makinesi,tvättmaskin,wasmachine,vaskemaskin,vaskemaskine,machine à laver,web/audio/w1756.mp3
waschmittel:deterdžent,25,putzen,zuhause2,deterdžent,Waschmittel,laundry detergent,çamaşır deterjanı,tvättmedel,wasmiddel,vaskemiddel,vaskemiddel,lessive,web/audio/w1757.mp3
wäsche:veš,25,putzen,zuhause2,veš,Wäsche,laundry,çamaşır,tvätt,wasgoed,klesvask,vasketøj,linge,web/audio/w1758.mp3
wäscheleine:štrik,25,putzen,zuhause2,štrik,Wäscheleine,clothesline,çamaşır ipi,klädstreck,waslijn,klessnor,tørresnor,corde à linge,web/audio/w1759.mp3
aufzug:lift,25,putzen,zuhause2,lift,Aufzug,elevator,asansör,hiss,lift,heis,elevator,ascenseur,web/audio/w1760.mp3
briefkasten:poštansko sanduče,25,putzen,zuhause2,poštansko sanduče,Briefkasten,mailbox,posta kutusu,brevlåda,brievenbus,postkasse,postkasse,boîte aux lettres,web/audio/w1761.mp3
dach:krov,25,putzen,zuhause2,krov,Dach,roof,çatı,tak,dak,tak,tag,toit,web/audio/w1762.mp3
dachboden:tavan,25,putzen,zuhause2,tavan,Dachboden,attic,tavan arası,vind (loft),zolder,loft,loft,grenier,web/audio/w1763.mp3
fußboden:pod,25,putzen,zuhause2,pod,Fußboden,floor,yer / zemin,golv,vloer,gulv,gulv,sol,web/audio/w1764.mp3
hausmeister:domar,25,putzen,zuhause2,domar,Hausmeister,janitor,kapıcı,fastighetsskötare,huismeester,vaktmester,vicevært,concierge,web/audio/w1765.mp3
keller:podrum,25,putzen,zuhause2,podrum,Keller,cellar,bodrum,källare,kelder,kjeller,kælder,cave,web/audio/w1766.mp3
klingel:zvono,25,putzen,zuhause2,zvono,Klingel,doorbell,kapı zili,dörrklocka,deurbel,dørklokke,dørklokke,sonnette,web/audio/w1767.mp3
klingeln:zvoniti,25,putzen,zuhause2,zvoniti,klingeln,to ring (the doorbell),zil çalmak,ringa på,aanbellen,ringe på,ringe på,sonner,web/audio/w1768.mp3
nachbarin:komšinica,25,putzen,zuhause2,komšinica,Nachbarin,neighbor (f),komşu (kadın),granne (kvinna),buurvrouw,nabo (kvinne),nabo (kvinde),voisine,web/audio/w1769.mp3
wand:zid,25,putzen,zuhause2,zid,Wand,wall,duvar,vägg,muur,vegg,væg,mur,web/audio/w1770.mp3
zaun:ograda,25,putzen,zuhause2,ograda,Zaun,fence,çit,staket,hek,gjerde,hegn,clôture,web/audio/w1771.mp3
ausschalten / ausmachen:ugasiti,26,technik,zuhause2,ugasiti,ausschalten / ausmachen,to switch off / to turn off,kapatmak / söndürmek,stänga av / släcka,uitzetten / uitdoen,slå av / skru av,slukke,éteindre,web/audio/w1772.mp3
boiler / warmwasserspeicher:bojler,26,technik,zuhause2,bojler,Boiler / Warmwasserspeicher,boiler / water heater,termosifon / sıcak su deposu,varmvattenberedare,boiler (warmwaterreservoir),varmtvannsbereder,vandvarmer / varmvandsbeholder,chauffe-eau / ballon d'eau chaude,web/audio/w1773.mp3
brennholz:drva,26,technik,zuhause2,drva,Brennholz,firewood,odun (yakacak),ved,brandhout,ved (til fyring),brænde,bois de chauffage,web/audio/w1774.mp3
einschalten / anmachen:upaliti,26,technik,zuhause2,upaliti,einschalten / anmachen,to switch on / to turn on,açmak / yakmak,sätta på / tända,aanzetten / aandoen,slå på / skru på,tænde,allumer,web/audio/w1775.mp3
es gibt keinen strom:Nema struje,26,technik,zuhause2,Nema struje,Es gibt keinen Strom,There is no electricity,Elektrik yok,Det finns ingen ström,Er is geen stroom,Det er ingen strøm,Der er ingen strøm,Il n'y a pas d'électricité,web/audio/w1776.mp3
glühbirne:sijalica,26,technik,zuhause2,sijalica,Glühbirne,light bulb,ampul,glödlampa,gloeilamp,lyspære,lyspære,ampoule,web/audio/w1777.mp3
heizung:grijanje,26,technik,zuhause2,grijanje,Heizung,heating,kalorifer / ısıtma,värme (uppvärmning),verwarming,oppvarming,varme (opvarmning),chauffage,web/audio/w1778.mp3
kohle:ugalj,26,technik,zuhause2,ugalj,Kohle,coal,kömür,kol (bränsle),steenkool,kull,kul,charbon,web/audio/w1779.mp3
licht:svjetlo,26,technik,zuhause2,svjetlo,Licht,light,ışık,ljus (belysning),licht,lys,lys,lumière,web/audio/w1780.mp3
ofen (heizofen):peć,26,technik,zuhause2,peć,Ofen (Heizofen),stove (heating stove),soba (ısıtma sobası),kamin (för värme),kachel (verwarming),ovn (varmeovn),kakkelovn (ovn til varme),poêle (de chauffage),web/audio/w1781.mp3
sicherung:osigurač,26,technik,zuhause2,osigurač,Sicherung,fuse (electrical),elektrik sigortası,säkring,zekering,sikring,sikring,fusible,web/audio/w1782.mp3
steckdose:utičnica,26,technik,zuhause2,utičnica,Steckdose,power socket,priz,eluttag,stopcontact,stikkontakt,stikkontakt,prise de courant,web/audio/w1783.mp3
stecker:utikač,26,technik,zuhause2,utikač,Stecker,plug (electrical),fiş,stickkontakt,stekker,støpsel,stikprop,fiche (prise mâle),web/audio/w1784.mp3
strom:struja,26,technik,zuhause2,struja,Strom,electricity,elektrik,el,stroom (elektriciteit),strøm,strøm,électricité,web/audio/w1785.mp3
warmes wasser:topla voda,26,technik,zuhause2,topla voda,warmes Wasser,warm water,sıcak su,varmt vatten,warm water,varmt vann,varmt vand,eau chaude,web/audio/w1786.mp3
es funktioniert nicht:Ne radi,26,technik,zuhause2,Ne radi,Es funktioniert nicht,It does not work,Çalışmıyor,Det fungerar inte,Het werkt niet,Det virker ikke,Det virker ikke,Ça ne marche pas,web/audio/w1787.mp3
es läuft aus / es tropft:Curi voda,26,technik,zuhause2,Curi voda,Es läuft aus / es tropft,It is leaking / it is dripping,Su sızıyor / damlıyor,Det läcker / det droppar,Het lekt / het druppelt,Det lekker / det drypper,Det løber ud / det drypper,Ça fuit / ça goutte,web/audio/w1788.mp3
hammer:čekić,26,technik,zuhause2,čekić,Hammer,hammer,çekiç,hammare,hamer,hammer,hammer,marteau,web/audio/w1789.mp3
handwerker / fachmann:majstor,26,technik,zuhause2,majstor,Handwerker / Fachmann,craftsman / expert,zanaatkâr / usta,hantverkare / fackman,vakman / klusjesman,håndverker / fagmann,håndværker / fagmand,artisan / spécialiste,web/audio/w1790.mp3
kaputt:pokvaren / pokvarena / pokvareno,26,technik,zuhause2,pokvaren / pokvarena / pokvareno,kaputt,broken,bozuk,trasigt,kapot,ødelagt,i stykker,cassé,web/audio/w2153.mp3
leiter:merdevine,26,technik,zuhause2,merdevine,Leiter,ladder,el merdiveni,stege,ladder,stige,stige,échelle,web/audio/w1792.mp3
nagel:ekser,26,technik,zuhause2,ekser,Nagel,nail,çivi,spik,spijker,spiker,søm (til at slå i),clou,web/audio/w1793.mp3
reparieren:popraviti,26,technik,zuhause2,popraviti,reparieren,to repair,tamir etmek,reparera,repareren,reparere,reparere,réparer,web/audio/w1794.mp3
schloss (türschloss):brava,26,technik,zuhause2,brava,Schloss (Türschloss),lock (door lock),kilit (kapı kilidi),lås (dörrlås),slot (deurslot),lås (dørlås),lås (dørlås),serrure (de porte),web/audio/w1795.mp3
schraube:šaraf,26,technik,zuhause2,šaraf,Schraube,screw,vida,skruv,schroef,skrue,skrue,vis,web/audio/w1796.mp3
wasserhahn:slavina,26,technik,zuhause2,slavina,Wasserhahn,tap (faucet),musluk,vattenkran,waterkraan,vannkran,vandhane,robinet,web/audio/w1797.mp3
werkzeug:alat,26,technik,zuhause2,alat,Werkzeug,tool,alet,verktyg,gereedschap,verktøy,værktøj,outil,web/audio/w1798.mp3
kraftstoff / sprit:gorivo,27,auto_werkstatt,zuhause2,gorivo,Kraftstoff / Sprit,fuel,yakıt,bränsle,brandstof,drivstoff,brændstof,carburant,web/audio/w2250.mp3
tanken:sipati gorivo,27,auto_werkstatt,zuhause2,sipati gorivo,tanken,to fill up (the tank),yakıt almak,tanka,tanken,tanke,tanke,faire le plein,web/audio/w2251.mp3
reifen:guma,27,auto_werkstatt,zuhause2,guma,Reifen,tire,lastik,däck,band (auto),dekk,dæk,pneu,web/audio/w2252.mp3
ich habe einen platten.:Pukla mi je guma.,27,auto_werkstatt,zuhause2,Pukla mi je guma.,Ich habe einen Platten.,I have a flat tire.,Lastiğim patladı.,Jag har fått punktering.,Ik heb een lekke band.,Jeg har fått punktering.,Jeg er punkteret.,J'ai crevé.,web/audio/w2253.mp3
bremse:kočnica,27,auto_werkstatt,zuhause2,kočnica,Bremse,brake,fren,broms,rem,brems,bremse,frein,web/audio/w2254.mp3
motor:motor,27,auto_werkstatt,zuhause2,motor,Motor,engine,motor,motor,motor,motor,motor,moteur,web/audio/w2255.mp3
autobatterie:akumulator,27,auto_werkstatt,zuhause2,akumulator,Autobatterie,car battery,akü,bilbatteri,accu (auto),bilbatteri,bilbatteri,batterie de voiture,web/audio/w2256.mp3
sicherheitsgurt:sigurnosni pojas,27,auto_werkstatt,zuhause2,sigurnosni pojas,Sicherheitsgurt,seat belt,emniyet kemeri,säkerhetsbälte,veiligheidsgordel,bilbelte,sikkerhedssele,ceinture de sécurité,web/audio/w2257.mp3
parkplatz:parkiralište,27,auto_werkstatt,zuhause2,parkiralište,Parkplatz,parking lot,otopark,parkeringsplats,parkeerplaats,parkeringsplass,parkeringsplads,parking,web/audio/w2258.mp3
parken:parkirati,27,auto_werkstatt,zuhause2,parkirati,parken,to park,park etmek,parkera,parkeren,parkere,parkere,se garer,web/audio/w2259.mp3
ampel:semafor,27,auto_werkstatt,zuhause2,semafor,Ampel,traffic light,trafik lambası,trafikljus,verkeerslicht,trafikklys,trafiklys,feu de circulation,web/audio/w2260.mp3
kreuzung:raskrsnica,27,auto_werkstatt,zuhause2,raskrsnica,Kreuzung,intersection,kavşak,korsning,kruispunt,veikryss,vejkryds,carrefour,web/audio/w2261.mp3
verkehr:saobraćaj,27,auto_werkstatt,zuhause2,saobraćaj,Verkehr,traffic,trafik,trafik,verkeer,trafikk,trafik,circulation,web/audio/w2262.mp3
stau:zastoj,27,auto_werkstatt,zuhause2,zastoj,Stau,traffic jam,trafik sıkışıklığı,bilkö,file,kø (trafikk),kø (trafik),embouteillage,web/audio/w2263.mp3
strafzettel / bußgeld:kazna,27,auto_werkstatt,zuhause2,kazna,Strafzettel / Bußgeld,fine / ticket,trafik cezası,böter,boete,bot,bøde,amende,web/audio/w2264.mp3
kennzeichen (auto):registracija,27,auto_werkstatt,zuhause2,registracija,Kennzeichen (Auto),number plate,plaka,registreringsskylt,kenteken (auto),registreringsskilt,nummerplade,plaque d'immatriculation,web/audio/w2265.mp3
hauptuntersuchung (tüv):tehnički pregled,27,auto_werkstatt,zuhause2,tehnički pregled,Hauptuntersuchung (TÜV),vehicle inspection,araç muayenesi,bilbesiktning,APK-keuring,EU-kontroll,bilsyn,contrôle technique,web/audio/w2266.mp3
autowerkstatt:autoservis,27,auto_werkstatt,zuhause2,autoservis,Autowerkstatt,car repair shop,oto tamirhanesi,bilverkstad,garage,bilverksted,autoværksted,garage,web/audio/w2267.mp3
abschleppdienst:šlep služba,27,auto_werkstatt,zuhause2,šlep služba,Abschleppdienst,towing service,çekici hizmeti,bärgningstjänst,sleepdienst,bergingstjeneste,bugseringstjeneste,service de dépannage,web/audio/w2268.mp3
pannenhilfe:pomoć na cesti,27,auto_werkstatt,zuhause2,pomoć na cesti,Pannenhilfe,roadside assistance,yol yardımı,vägassistans,pechhulp,veihjelp,vejhjælp,assistance routière,web/audio/w2269.mp3
schraubenzieher:odvijač / šrafciger,27,auto_werkstatt,zuhause2,odvijač / šrafciger,Schraubenzieher,screwdriver,tornavida,skruvmejsel,schroevendraaier,skrutrekker,skruetrækker,tournevis,web/audio/w2317.mp3
zange:kliješta,27,auto_werkstatt,zuhause2,kliješta,Zange,pliers,pense,tång,tang,tang,tang,pince,web/audio/w2271.mp3
bohrmaschine:bušilica,27,auto_werkstatt,zuhause2,bušilica,Bohrmaschine,drill,matkap,borrmaskin,boormachine,boremaskin,boremaskine,perceuse,web/audio/w2272.mp3
bohren:bušiti,27,auto_werkstatt,zuhause2,bušiti,bohren,to drill,delmek,borra,boren,bore,bore,percer,web/audio/w2273.mp3
säge:testera,27,auto_werkstatt,zuhause2,testera,Säge,saw,testere,såg,zaag,sag,sav,scie,web/audio/w2274.mp3
rollgabelschlüssel (engländer):francuski ključ,27,auto_werkstatt,zuhause2,francuski ključ,Rollgabelschlüssel (Engländer),adjustable wrench,İngiliz anahtarı,skiftnyckel,Engelse sleutel,skiftenøkkel,svensknøgle,clé à molette,web/audio/w2275.mp3
maßband / zollstock:metar,27,auto_werkstatt,zuhause2,metar,Maßband / Zollstock,tape measure,şerit metre,måttband,rolmaat,målebånd,målebånd,mètre ruban,web/audio/w2276.mp3
kleber:ljepilo,27,auto_werkstatt,zuhause2,ljepilo,Kleber,glue,yapıştırıcı,lim,lijm,lim,lim,colle,web/audio/w2277.mp3
verlängerungskabel:produžni kabl,27,auto_werkstatt,zuhause2,produžni kabl,Verlängerungskabel,extension cord,uzatma kablosu,förlängningssladd,verlengsnoer,skjøteledning,forlængerledning,rallonge,web/audio/w2278.mp3
werkstatt:radionica,27,auto_werkstatt,zuhause2,radionica,Werkstatt,workshop,atölye,verkstad,werkplaats,verksted,værksted,atelier,web/audio/w2279.mp3
ladegerät:punjač,28,geraete,zuhause2,punjač,Ladegerät,charger,şarj aleti,laddare,oplader,lader,oplader,chargeur,web/audio/w2280.mp3
akku:baterija,28,geraete,zuhause2,baterija,Akku,battery,batarya,batteri,batterij,batteri,batteri,batterie,web/audio/w2281.mp3
der akku ist leer.:Baterija je prazna.,28,geraete,zuhause2,Baterija je prazna.,Der Akku ist leer.,The battery is dead.,Şarjım bitti.,Batteriet är slut.,Mijn batterij is leeg.,Batteriet er tomt.,Batteriet er fladt.,Je n'ai plus de batterie.,web/audio/w2282.mp3
aufladen:napuniti,28,geraete,zuhause2,napuniti,aufladen,to charge,şarj etmek,ladda,opladen,lade,oplade,recharger,web/audio/w2283.mp3
passwort:šifra / lozinka,28,geraete,zuhause2,šifra / lozinka,Passwort,password,şifre,lösenord,wachtwoord,passord,adgangskode,mot de passe,web/audio/w2318.mp3
wie ist das wlan-passwort?:Koja je šifra za WiFi?,28,geraete,zuhause2,Koja je šifra za WiFi?,Wie ist das WLAN-Passwort?,What's the Wi-Fi password?,Wi-Fi şifresi ne?,Vad är wifi-lösenordet?,Wat is het wifi-wachtwoord?,Hva er wifi-passordet?,Hvad er wifi-koden?,"C'est quoi, le code wifi ?",web/audio/w2285.mp3
internet:internet,28,geraete,zuhause2,internet,Internet,internet,internet,internet,internet,internett,internet,internet,web/audio/w2286.mp3
kein empfang.:Nema signala.,28,geraete,zuhause2,Nema signala.,Kein Empfang.,No signal.,Sinyal yok.,Ingen täckning.,Geen bereik.,Ingen dekning.,Ingen dækning.,Pas de réseau.,web/audio/w2287.mp3
nachricht:poruka,28,geraete,zuhause2,poruka,Nachricht,message,mesaj,meddelande,bericht,melding,besked,message,web/audio/w2288.mp3
eine nachricht schicken:poslati poruku,28,geraete,zuhause2,poslati poruku,eine Nachricht schicken,to send a message,mesaj göndermek,skicka ett meddelande,een bericht sturen,sende en melding,sende en besked,envoyer un message,web/audio/w2289.mp3
anrufen:nazvati,28,geraete,zuhause2,nazvati,anrufen,to call (on the phone),aramak (telefonla),ringa (i telefon),bellen (telefoon),ringe (i telefonen),ringe op,appeler (au téléphone),web/audio/w2290.mp3
app:aplikacija,28,geraete,zuhause2,aplikacija,App,app,uygulama,app,app,app,app,application,web/audio/w2291.mp3
bildschirm:ekran,28,geraete,zuhause2,ekran,Bildschirm,screen,ekran,skärm,scherm,skjerm,skærm,écran,web/audio/w2292.mp3
tastatur:tastatura,28,geraete,zuhause2,tastatura,Tastatur,keyboard,klavye,tangentbord,toetsenbord,tastatur,tastatur,clavier,web/audio/w2293.mp3
drucker:štampač,28,geraete,zuhause2,štampač,Drucker,printer,yazıcı,skrivare,printer,skriver,printer,imprimante,web/audio/w2294.mp3
kopfhörer:slušalice,28,geraete,zuhause2,slušalice,Kopfhörer,headphones,kulaklık,hörlurar,koptelefoon,hodetelefoner,høretelefoner,écouteurs,web/audio/w2295.mp3
fotografieren:slikati,28,geraete,zuhause2,slikati,fotografieren,to take a photo,fotoğraf çekmek,fotografera,fotograferen,ta bilde,tage et billede,prendre une photo,web/audio/w2296.mp3
aktualisieren:ažurirati,28,geraete,zuhause2,ažurirati,aktualisieren,to update,güncellemek,uppdatera,bijwerken,oppdatere,opdatere,mettre à jour,web/audio/w2297.mp3
spülmaschine:mašina za suđe,28,geraete,zuhause2,mašina za suđe,Spülmaschine,dishwasher,bulaşık makinesi,diskmaskin,vaatwasser,oppvaskmaskin,opvaskemaskine,lave-vaisselle,web/audio/w2298.mp3
wäschetrockner:sušilica za veš,28,geraete,zuhause2,sušilica za veš,Wäschetrockner,tumble dryer,çamaşır kurutma makinesi,torktumlare,droger,tørketrommel,tørretumbler,sèche-linge,web/audio/w2299.mp3
mikrowelle:mikrovalna,28,geraete,zuhause2,mikrovalna,Mikrowelle,microwave,mikrodalga fırın,mikrovågsugn,magnetron,mikrobølgeovn,mikrobølgeovn,micro-ondes,web/audio/w2300.mp3
toaster:toster,28,geraete,zuhause2,toster,Toaster,toaster,ekmek kızartma makinesi,brödrost,broodrooster,brødrister,brødrister,grille-pain,web/audio/w2301.mp3
wasserkocher:kuhalo za vodu,28,geraete,zuhause2,kuhalo za vodu,Wasserkocher,electric kettle,su ısıtıcısı,vattenkokare,waterkoker,vannkoker,elkedel,bouilloire,web/audio/w2302.mp3
föhn:fen,28,geraete,zuhause2,fen,Föhn,hair dryer,saç kurutma makinesi,hårtork,föhn,hårføner,hårtørrer,sèche-cheveux,web/audio/w2303.mp3
klimaanlage:klima,28,geraete,zuhause2,klima,Klimaanlage,air conditioning,klima,luftkonditionering,airco,klimaanlegg,aircondition,climatisation,web/audio/w2304.mp3
ventilator:ventilator,28,geraete,zuhause2,ventilator,Ventilator,fan,vantilatör,fläkt,ventilator,vifte,ventilator,ventilateur,web/audio/w2305.mp3
fernbedienung:daljinski,28,geraete,zuhause2,daljinski,Fernbedienung,remote control,kumanda,fjärrkontroll,afstandsbediening,fjernkontroll,fjernbetjening,télécommande,web/audio/w2306.mp3
kaffeemaschine:aparat za kahvu / aparat za kafu,28,geraete,zuhause2,aparat za kahvu / aparat za kafu,Kaffeemaschine,coffee maker,kahve makinesi,kaffebryggare,koffiezetapparaat,kaffetrakter,kaffemaskine,cafetière,web/audio/w2320.mp3
bedienungsanleitung:uputstvo,28,geraete,zuhause2,uputstvo,Bedienungsanleitung,instruction manual,kullanım kılavuzu,bruksanvisning,handleiding,bruksanvisning,brugsanvisning,mode d'emploi,web/audio/w2308.mp3
garantie:garancija,28,geraete,zuhause2,garancija,Garantie,warranty,garanti,garanti,garantie,garanti,garanti,garantie,web/audio/w2309.mp3
wer?:Ko?,29,fragen,saetze,Ko?,Wer?,Who?,Kim?,Vem?,Wie?,Hvem?,Hvem?,Qui ?,web/audio/w0333.mp3
was?:Šta?,29,fragen,saetze,Šta?,Was?,What?,Ne?,Vad?,Wat?,Hva?,Hvad?,Quoi ?,web/audio/w0334.mp3
wo?:Gdje?,29,fragen,saetze,Gdje?,Wo?,Where?,Nerede?,Var?,Waar?,Hvor?,Hvor?,Où ?,web/audio/w0335.mp3
wohin?:Kuda?,29,fragen,saetze,Kuda?,Wohin?,Where to?,Nereye?,Vart?,Waarheen?,Hvor hen?,Hvorhen?,Où (vers où) ?,web/audio/w0336.mp3
woher?:Odakle?,29,fragen,saetze,Odakle?,Woher?,Where from?,Nereden?,Varifrån?,Waarvandaan?,Hvorfra?,Hvorfra?,D'où ?,web/audio/w0337.mp3
wann?:Kada?,29,fragen,saetze,Kada?,Wann?,When?,Ne zaman?,När?,Wanneer?,Når?,Hvornår?,Quand ?,web/audio/w0338.mp3
warum?:Zašto?,29,fragen,saetze,Zašto?,Warum?,Why?,Neden?,Varför?,Waarom?,Hvorfor?,Hvorfor?,Pourquoi ?,web/audio/w0339.mp3
wie?:Kako?,29,fragen,saetze,Kako?,Wie?,How?,Nasıl?,Hur?,Hoe?,Hvordan?,Hvordan?,Comment ?,web/audio/w0340.mp3
wie viel?:Koliko?,29,fragen,saetze,Koliko?,Wie viel?,How much?,Ne kadar?,Hur mycket?,Hoeveel?,Hvor mye?,Hvor meget?,Combien ?,web/audio/w0341.mp3
welcher?:Koji?,29,fragen,saetze,Koji?,Welcher?,Which?,Hangi?,Vilken?,Welke?,Hvilken?,Hvilken?,Quel ?,web/audio/w0342.mp3
wessen?:Čiji?,29,fragen,saetze,Čiji?,Wessen?,Whose?,Kimin?,Vems?,Van wie?,Hvems?,Hvis?,À qui ?,web/audio/w0343.mp3
ja/nein-frage: ist ...?:Da li ...?,29,fragen,saetze,Da li ...?,Ja/Nein-Frage: Ist ...?,Yes/no question: Is ...?,Evet/hayır sorusu: ... mı?,Ja/nej-fråga: Är ...?,Ja/nee-vraag: Is ...?,Ja/nei-spørsmål: Er ...?,Ja/nej-spørgsmål: Er ...?,Question oui/non : Est-ce que ... ?,web/audio/w0344.mp3
ist das ...?:Je li to ...?,29,fragen,saetze,Je li to ...?,Ist das ...?,Is that ...?,Bu ... mı?,Är det ...?,Is dat ...?,Er det ...?,Er det ...?,C'est ... ?,web/audio/w0345.mp3
wer bist du?:Ko si ti?,29,fragen,saetze,Ko si ti?,Wer bist du?,Who are you?,Sen kimsin?,Vem är du?,Wie ben jij?,Hvem er du?,Hvem er du?,Qui es-tu ?,web/audio/w0346.mp3
woher kommst du?:Odakle si?,29,fragen,saetze,Odakle si?,Woher kommst du?,Where are you from?,Nerelisin?,Varifrån kommer du?,Waar kom je vandaan?,Hvor kommer du fra?,Hvor kommer du fra?,D'où viens-tu ?,web/audio/w0347.mp3
wohin gehst du?:Kuda ideš?,29,fragen,saetze,Kuda ideš?,Wohin gehst du?,Where are you going?,Nereye gidiyorsun?,Vart går du?,Waar ga je heen?,Hvor skal du?,Hvor skal du hen?,Où vas-tu ?,web/audio/w0348.mp3
wann kommst du?:Kada dolaziš?,29,fragen,saetze,Kada dolaziš?,Wann kommst du?,When are you coming?,Ne zaman geliyorsun?,När kommer du?,Wanneer kom je?,Når kommer du?,Hvornår kommer du?,Quand viens-tu ?,web/audio/w0349.mp3
warum nicht?:Zašto ne?,29,fragen,saetze,Zašto ne?,Warum nicht?,Why not?,Neden olmasın?,Varför inte?,Waarom niet?,Hvorfor ikke?,Hvorfor ikke?,Pourquoi pas ?,web/audio/w0350.mp3
was ist das?:Šta je to?,29,fragen,saetze,Šta je to?,Was ist das?,What is that?,Bu ne?,Vad är det?,Wat is dat?,Hva er det?,Hvad er det?,Qu'est-ce que c'est ?,web/audio/w0351.mp3
wie alt bist du?:Koliko imaš godina?,29,fragen,saetze,Koliko imaš godina?,Wie alt bist du?,How old are you?,Kaç yaşındasın?,Hur gammal är du?,Hoe oud ben je?,Hvor gammel er du?,Hvor gammel er du?,Quel âge as-tu ?,web/audio/w0352.mp3
hast du zeit?:Imaš li vremena?,29,fragen,saetze,Imaš li vremena?,Hast du Zeit?,Do you have time?,Vaktin var mı?,Har du tid?,Heb je tijd?,Har du tid?,Har du tid?,Tu as le temps ?,web/audio/w0353.mp3
sprichst du englisch?:Govoriš li engleski?,29,fragen,saetze,Govoriš li engleski?,Sprichst du Englisch?,Do you speak English?,İngilizce konuşuyor musun?,Talar du engelska?,Spreek je Engels?,Snakker du engelsk?,Taler du engelsk?,Tu parles anglais ?,web/audio/w0354.mp3
kann ich helfen?:Mogu li pomoći?,29,fragen,saetze,Mogu li pomoći?,Kann ich helfen?,Can I help?,Yardım edebilir miyim?,Kan jag hjälpa till?,Kan ik helpen?,Kan jeg hjelpe?,Kan jeg hjælpe?,Je peux aider ?,web/audio/w0355.mp3
wo wohnst du?:Gdje stanuješ?,29,fragen,saetze,Gdje stanuješ?,Wo wohnst du?,Where do you live?,Nerede oturuyorsun?,Var bor du?,Waar woon je?,Hvor bor du?,Hvor bor du?,Où habites-tu ?,web/audio/w0356.mp3
was meinst du?:Šta misliš?,29,fragen,saetze,Šta misliš?,Was meinst du?,What do you think?,Ne düşünüyorsun?,Vad tycker du?,Wat vind jij?,Hva synes du?,Hvad synes du?,Qu'en penses-tu ?,web/audio/w0357.mp3
er:on,30,genus,saetze,on,er,he,o (erkek),han,hij,han,han,il,web/audio/w0358.mp3
sie (einzahl):ona,30,genus,saetze,ona,sie (Einzahl),she,o (kadın),hon,zij (enkelvoud),hun,hun,elle,web/audio/w0359.mp3
es:ono,30,genus,saetze,ono,es,it,o (nötr),det,het,det,det,cela,web/audio/w0360.mp3
"sie (mehrzahl, männlich):oni",30,genus,saetze,oni,"sie (Mehrzahl, männlich)",they (masculine),onlar (eril),de (maskulinum),"zij (meervoud, mannelijk)",de (hankjønn),de (hankøn),ils,web/audio/w0361.mp3
"sie (mehrzahl, weiblich):one",30,genus,saetze,one,"sie (Mehrzahl, weiblich)",they (feminine),onlar (dişil),de (femininum),"zij (meervoud, vrouwelijk)",de (hunkjønn),de (hunkøn),elles,web/audio/w0362.mp3
mein (m/w/s):moj / moja / moje,30,genus,saetze,moj / moja / moje,mein (m/w/s),my (m/f/n),benim (e/d/n),min (m/f/n),mijn (m/v/o),min (m/f/n),min (h/hu/i),mon (m/f/n),web/audio/w2154.mp3
dein (m/w/s):tvoj / tvoja / tvoje,30,genus,saetze,tvoj / tvoja / tvoje,dein (m/w/s),your (m/f/n),senin (e/d/n),din (m/f/n),jouw (m/v/o),din (m/f/n),din (h/hu/i),ton (m/f/n),web/audio/w2155.mp3
sein (m/w/s):njegov / njegova / njegovo,30,genus,saetze,njegov / njegova / njegovo,sein (m/w/s),his (m/f/n),onun (erkek) (e/d/n),hans (m/f/n),zijn (m/v/o),hans (m/f/n),hans (h/hu/i),son (à lui) (m/f/n),web/audio/w2156.mp3
ihr (von ihr) (m/w/s):njen / njena / njeno,30,genus,saetze,njen / njena / njeno,ihr (von ihr) (m/w/s),her (m/f/n),onun (kadın) (e/d/n),hennes (m/f/n),haar (m/v/o),hennes (m/f/n),hendes (h/hu/i),son (à elle) (m/f/n),web/audio/w2157.mp3
unser (m/w/s):naš / naša / naše,30,genus,saetze,naš / naša / naše,unser (m/w/s),our (m/f/n),bizim (e/d/n),vår (m/f/n),ons (m/v/o),vår (m/f/n),vores (h/hu/i),notre (m/f/n),web/audio/w2158.mp3
euer / ihr (m/w/s):vaš / vaša / vaše,30,genus,saetze,vaš / vaša / vaše,euer / Ihr (m/w/s),your (plural or formal) (m/f/n),sizin (e/d/n),er / ert (m/f/n),jullie / uw (m/v/o),deres (m/f/n),jeres (h/hu/i),votre (m/f/n),web/audio/w2159.mp3
dieser / diese / dieses:ovaj / ova / ovo,30,genus,saetze,ovaj / ova / ovo,dieser / diese / dieses,this (m/f/n),bu (e/d/n),den här / det här (m/f/n),deze / dit (m/v/o),denne / dette (m/f/n),denne (h/hu/i),ce / cette (m/f/n),web/audio/w2160.mp3
jener / jene / jenes:onaj / ona / ono,30,genus,saetze,onaj / ona / ono,jener / jene / jenes,that (m/f/n),şu (e/d/n),den där / det där (m/f/n),die / dat (m/v/o),den der / det der (m/f/n),den dér (h/hu/i),celui-là / celle-là (m/f/n),web/audio/w2161.mp3
der mann:muškarac,30,genus,saetze,muškarac,der Mann,the man,adam,mannen,de man,mannen,manden,l'homme,web/audio/w0371.mp3
das mädchen:djevojka,30,genus,saetze,djevojka,das Mädchen,the girl,genç kız,flickan,het meisje,jenta,pigen,la jeune fille,web/audio/w0372.mp3
der junge:dječak,30,genus,saetze,dječak,der Junge,the boy,oğlan,pojken,de jongen,gutten,drengen,le garçon,web/audio/w0373.mp3
lehrer / lehrerin:nastavnik / nastavnica,30,genus,saetze,nastavnik / nastavnica,Lehrer / Lehrerin,teacher (m/f),öğretmen (e/k),lärare (m/k),leraar / lerares,lærer (m/k),lærer (m/k),enseignant / enseignante,web/audio/w2162.mp3
student / studentin:student / studentica,30,genus,saetze,student / studentica,Student / Studentin,student (m/f),öğrenci (e/k),student (m/k),student / studente,student (m/k),studerende (m/k),étudiant / étudiante,web/audio/w2163.mp3
kellner / kellnerin:konobar / konobarica,30,genus,saetze,konobar / konobarica,Kellner / Kellnerin,waiter / waitress,garson (e/k),servitör / servitris,ober / serveerster,servitør (m/k),tjener / servitrice,serveur / serveuse,web/audio/w2164.mp3
arzt / ärztin:doktor / doktorica,30,genus,saetze,doktor / doktorica,Arzt / Ärztin,doctor (m/f),doktor (e/k),läkare (m/k),dokter (m/v),lege (m/k),læge (m/k),médecin (m/f),web/audio/w2165.mp3
verkäufer / verkäuferin:prodavač / prodavačica,30,genus,saetze,prodavač / prodavačica,Verkäufer / Verkäuferin,salesperson (m/f),satıcı (e/k),expedit (m/k),verkoper / verkoopster,ekspeditør (m/k),ekspedient / ekspeditrice,vendeur / vendeuse,web/audio/w2166.mp3
groß (m/w/s):velik / velika / veliko,30,genus,saetze,velik / velika / veliko,groß (m/w/s),big (m/f/n),büyük (e/d/n),stor (m/f/n),groot (m/v/o),stor (m/f/n),stor (h/hu/i),grand (m/f/n),web/audio/w2167.mp3
schön (m/w/s):lijep / lijepa / lijepo,30,genus,saetze,lijep / lijepa / lijepo,schön (m/w/s),beautiful (m/f/n),güzel (e/d/n),vacker (m/f/n),mooi (m/v/o),vakker (m/f/n),smuk (h/hu/i),beau (m/f/n),web/audio/w2168.mp3
gut (m/w/s):dobar / dobra / dobro,30,genus,saetze,dobar / dobra / dobro,gut (m/w/s),good (m/f/n),iyi (e/d/n),bra (m/f/n),goed (m/v/o),god (m/f/n),god (h/hu/i),bon (m/f/n),web/audio/w2169.mp3
neu (m/w/s):nov / nova / novo,30,genus,saetze,nov / nova / novo,neu (m/w/s),new (m/f/n),yeni (e/d/n),ny (m/f/n),nieuw (m/v/o),ny (m/f/n),ny (h/hu/i),nouveau (m/f/n),web/audio/w2170.mp3
der brief:pismo,30,genus,saetze,pismo,der Brief,the letter,mektup,brevet,de brief,brevet,brevet,la lettre,web/audio/w0382.mp3
die sache / das ding:stvar,30,genus,saetze,stvar,die Sache / das Ding,the thing,şey,saken,het ding,tingen,tingen,la chose,web/audio/w0383.mp3
ich bin:ja sam,31,konjugation,saetze,ja sam,ich bin,I am,ben ... -im,jag är,ik ben,jeg er,jeg er,je suis,web/audio/w0384.mp3
du bist:ti si,31,konjugation,saetze,ti si,du bist,you are (singular),sen ... -sin,du är,jij bent,du er,du er,tu es,web/audio/w0385.mp3
er / sie ist:on je / ona je,31,konjugation,saetze,on je / ona je,er / sie ist,he / she is,o ... -dir,han / hon är,hij / zij is,han / hun er,han / hun er,il / elle est,web/audio/w2171.mp3
wir sind:mi smo,31,konjugation,saetze,mi smo,wir sind,we are,biz ... -iz,vi är,wij zijn,vi er,vi er,nous sommes,web/audio/w0387.mp3
ihr seid / sie sind:vi ste,31,konjugation,saetze,vi ste,ihr seid / Sie sind,you are (plural or formal),siz ... -siniz,ni är,jullie zijn / u bent,dere er,I er / De er,vous êtes,web/audio/w0388.mp3
sie sind:oni su,31,konjugation,saetze,oni su,sie sind,they are,onlar ... -ler,de är,zij zijn,de er,de er,ils sont,web/audio/w0389.mp3
ich habe:imam,31,konjugation,saetze,imam,ich habe,I have,bende var,jag har,ik heb,jeg har,jeg har,j'ai,web/audio/w0390.mp3
du hast:imaš,31,konjugation,saetze,imaš,du hast,you have (singular),sende var,du har,jij hebt,du har,du har,tu as,web/audio/w0391.mp3
er / sie hat:ima,31,konjugation,saetze,ima,er / sie hat,he / she has,onda var,han / hon har,hij / zij heeft,han / hun har,han / hun har,il / elle a,web/audio/w0392.mp3
wir haben:imamo,31,konjugation,saetze,imamo,wir haben,we have,bizde var,vi har,wij hebben,vi har,vi har,nous avons,web/audio/w0393.mp3
ihr habt:imate,31,konjugation,saetze,imate,ihr habt,you have (plural),sizde var,ni har,jullie hebben,dere har,I har,vous avez,web/audio/w0394.mp3
sie haben:imaju,31,konjugation,saetze,imaju,sie haben,they have,onlarda var,de har,zij hebben,de har,de har,ils ont,web/audio/w0395.mp3
ich gehe:idem,31,konjugation,saetze,idem,ich gehe,I go,gidiyorum,jag går,ik ga,jeg går,jeg går,je vais,web/audio/w0396.mp3
du gehst:ideš,31,konjugation,saetze,ideš,du gehst,you go,gidiyorsun,du går,jij gaat,du går,du går,tu vas,web/audio/w0397.mp3
wir gehen:idemo,31,konjugation,saetze,idemo,wir gehen,we go,gidiyoruz,vi går,wij gaan,vi går,vi går,nous allons,web/audio/w0398.mp3
sie gehen:idu,31,konjugation,saetze,idu,sie gehen,they go,gidiyorlar,de går,zij gaan,de går,de går,ils vont,web/audio/w0399.mp3
ich esse:jedem,31,konjugation,saetze,jedem,ich esse,I eat,yiyorum,jag äter,ik eet,jeg spiser,jeg spiser,je mange,web/audio/w0400.mp3
du isst:jedeš,31,konjugation,saetze,jedeš,du isst,you eat,yiyorsun,du äter,jij eet,du spiser,du spiser,tu manges,web/audio/w0401.mp3
ich trinke:pijem,31,konjugation,saetze,pijem,ich trinke,I drink,içiyorum,jag dricker,ik drink,jeg drikker,jeg drikker,je bois,web/audio/w0402.mp3
ich spreche:govorim,31,konjugation,saetze,govorim,ich spreche,I speak,konuşuyorum,jag talar,ik spreek,jeg snakker,jeg taler,je parle,web/audio/w0403.mp3
ich weiß:znam,31,konjugation,saetze,znam,ich weiß,I know,biliyorum,jag vet,ik weet,jeg vet,jeg ved,je sais,web/audio/w0404.mp3
du weißt:znaš,31,konjugation,saetze,znaš,du weißt,you know,biliyorsun,du vet,jij weet,du vet,du ved,tu sais,web/audio/w0405.mp3
ich kann:mogu,31,konjugation,saetze,mogu,ich kann,I can,yapabilirim,jag kan,ik kan,jeg kan,jeg kan,je peux,web/audio/w0406.mp3
du kannst:možeš,31,konjugation,saetze,možeš,du kannst,you can,yapabilirsin,du kan,jij kunt,du kan,du kan,tu peux,web/audio/w0407.mp3
ich will:hoću,31,konjugation,saetze,hoću,ich will,I want,istiyorum,jag vill,ik wil,jeg vil,jeg vil,je veux,web/audio/w0408.mp3
ich arbeite:radim,31,konjugation,saetze,radim,ich arbeite,I work,çalışıyorum,jag arbetar,ik werk,jeg arbeider,jeg arbejder,je travaille,web/audio/w0409.mp3
ich wohne:stanujem,31,konjugation,saetze,stanujem,ich wohne,I live,oturuyorum,jag bor,ik woon,jeg bor,jeg bor,j'habite,web/audio/w0410.mp3
ich lerne:učim,31,konjugation,saetze,učim,ich lerne,I learn,öğreniyorum,jag lär mig,ik leer,jeg lærer,jeg lærer,j'apprends,web/audio/w0411.mp3
ich liebe / mag:volim,31,konjugation,saetze,volim,ich liebe / mag,I love / I like,seviyorum,jag älskar / tycker om,ik hou van,jeg elsker / liker,jeg elsker / kan lide,j'aime,web/audio/w0412.mp3
bruder → brüder:brat → braća,32,mehrzahl,saetze,brat → braća,Bruder → Brüder,brother → brothers,erkek kardeş → erkek kardeşler,bror → bröder,broer → broers,bror → brødre,bror → brødre,frère → frères,web/audio/w0413.mp3
schwester → schwestern:sestra → sestre,32,mehrzahl,saetze,sestra → sestre,Schwester → Schwestern,sister → sisters,kız kardeş → kız kardeşler,syster → systrar,zus → zussen,søster → søstre,søster → søstre,sœur → sœurs,web/audio/w0414.mp3
haus → häuser:kuća → kuće,32,mehrzahl,saetze,kuća → kuće,Haus → Häuser,house → houses,ev → evler,hus → hus,huis → huizen,hus → hus,hus → huse,maison → maisons,web/audio/w0415.mp3
stadt → städte:grad → gradovi,32,mehrzahl,saetze,grad → gradovi,Stadt → Städte,city → cities,şehir → şehirler,stad → städer,stad → steden,by → byer,by → byer,ville → villes,web/audio/w0416.mp3
kind → kinder:dijete → djeca,32,mehrzahl,saetze,dijete → djeca,Kind → Kinder,child → children,çocuk → çocuklar,barn → barn,kind → kinderen,barn → barn,barn → børn,enfant → enfants,web/audio/w0417.mp3
frau → frauen:žena → žene,32,mehrzahl,saetze,žena → žene,Frau → Frauen,woman → women,kadın → kadınlar,kvinna → kvinnor,vrouw → vrouwen,kvinne → kvinner,kvinde → kvinder,femme → femmes,web/audio/w0418.mp3
mann → männer:muškarac → muškarci,32,mehrzahl,saetze,muškarac → muškarci,Mann → Männer,man → men,adam → adamlar,man → män,man → mannen,mann → menn,mand → mænd,homme → hommes,web/audio/w0419.mp3
freund → freunde:prijatelj → prijatelji,32,mehrzahl,saetze,prijatelj → prijatelji,Freund → Freunde,friend → friends,arkadaş → arkadaşlar,vän → vänner,vriend → vrienden,venn → venner,ven → venner,ami → amis,web/audio/w0420.mp3
apfel → äpfel:jabuka → jabuke,32,mehrzahl,saetze,jabuka → jabuke,Apfel → Äpfel,apple → apples,elma → elmalar,äpple → äpplen,appel → appels,eple → epler,æble → æbler,pomme → pommes,web/audio/w0421.mp3
buch → bücher:knjiga → knjige,32,mehrzahl,saetze,knjiga → knjige,Buch → Bücher,book → books,kitap → kitaplar,bok → böcker,boek → boeken,bok → bøker,bog → bøger,livre → livres,web/audio/w0422.mp3
tisch → tische:sto → stolovi,32,mehrzahl,saetze,sto → stolovi,Tisch → Tische,table → tables,masa → masalar,bord → bord,tafel → tafels,bord → bord,bord → borde,table → tables,web/audio/w0423.mp3
stuhl → stühle:stolica → stolice,32,mehrzahl,saetze,stolica → stolice,Stuhl → Stühle,chair → chairs,sandalye → sandalyeler,stol → stolar,stoel → stoelen,stol → stoler,stol → stole,chaise → chaises,web/audio/w0424.mp3
auto → autos:auto → auti,32,mehrzahl,saetze,auto → auti,Auto → Autos,car → cars,araba → arabalar,bil → bilar,auto → auto's,bil → biler,bil → biler,voiture → voitures,web/audio/w0425.mp3
tag → tage:dan → dani,32,mehrzahl,saetze,dan → dani,Tag → Tage,day → days,gün → günler,dag → dagar,dag → dagen,dag → dager,dag → dage,jour → jours,web/audio/w0426.mp3
jahr → jahre:godina → godine,32,mehrzahl,saetze,godina → godine,Jahr → Jahre,year → years,yıl → yıllar,år → år,jaar → jaren,år → år,år → år,an → ans,web/audio/w0427.mp3
wort → wörter:riječ → riječi,32,mehrzahl,saetze,riječ → riječi,Wort → Wörter,word → words,kelime → kelimeler,ord → ord,woord → woorden,ord → ord,ord → ord,mot → mots,web/audio/w0428.mp3
auge → augen:oko → oči,32,mehrzahl,saetze,oko → oči,Auge → Augen,eye → eyes,göz → gözler,öga → ögon,oog → ogen,øye → øyne,øje → øjne,œil → yeux,web/audio/w0429.mp3
hand → hände:ruka → ruke,32,mehrzahl,saetze,ruka → ruke,Hand → Hände,hand → hands,el → eller,hand → händer,hand → handen,hånd → hender,hånd → hænder,main → mains,web/audio/w0430.mp3
mensch → menschen:čovjek → ljudi,32,mehrzahl,saetze,čovjek → ljudi,Mensch → Menschen,person → people,insan → insanlar,människa → människor,mens → mensen,menneske → mennesker,menneske → mennesker,personne → gens,web/audio/w0431.mp3
fenster → fenster:prozor → prozori,32,mehrzahl,saetze,prozor → prozori,Fenster → Fenster,window → windows,pencere → pencereler,fönster → fönster,raam → ramen,vindu → vinduer,vindue → vinduer,fenêtre → fenêtres,web/audio/w0432.mp3
dorf → dörfer:selo → sela,32,mehrzahl,saetze,selo → sela,Dorf → Dörfer,village → villages,köy → köyler,by → byar,dorp → dorpen,landsby → landsbyer,landsby → landsbyer,village → villages,web/audio/w0433.mp3
ei → eier:jaje → jaja,32,mehrzahl,saetze,jaje → jaja,Ei → Eier,egg → eggs,yumurta → yumurtalar,ägg → ägg,ei → eieren,egg → egg,æg → æg,œuf → œufs,web/audio/w0434.mp3
schlüssel → schlüssel:ključ → ključevi,32,mehrzahl,saetze,ključ → ključevi,Schlüssel → Schlüssel,key → keys,anahtar → anahtarlar,nyckel → nycklar,sleutel → sleutels,nøkkel → nøkler,nøgle → nøgler,clé → clés,web/audio/w0435.mp3
zahn → zähne:zub → zubi,32,mehrzahl,saetze,zub → zubi,Zahn → Zähne,tooth → teeth,diş → dişler,tand → tänder,tand → tanden,tann → tenner,tand → tænder,dent → dents,web/audio/w0436.mp3
nacht → nächte:noć → noći,32,mehrzahl,saetze,noć → noći,Nacht → Nächte,night → nights,gece → geceler,natt → nätter,nacht → nachten,natt → netter,nat → nætter,nuit → nuits,web/audio/w0437.mp3
hund → hunde:pas → psi,32,mehrzahl,saetze,pas → psi,Hund → Hunde,dog → dogs,köpek → köpekler,hund → hundar,hond → honden,hund → hunder,hund → hunde,chien → chiens,web/audio/w0438.mp3
mensch:čovjek,32,mehrzahl,saetze,čovjek,Mensch,person,insan,människa,mens,menneske,menneske,personne,web/audio/w0439.mp3
leute:ljudi,32,mehrzahl,saetze,ljudi,Leute,people,insanlar,människor (flera),mensen,mennesker,mennesker,gens,web/audio/w0440.mp3
nicht:ne,33,satzbau,saetze,ne,nicht,not,değil,inte,niet,ikke,ikke,ne ... pas,web/audio/w0010.mp3
ich bin nicht:nisam,33,satzbau,saetze,nisam,ich bin nicht,I am not,değilim,jag är inte,ik ben niet,jeg er ikke,jeg er ikke,je ne suis pas,web/audio/w0441.mp3
du bist nicht:nisi,33,satzbau,saetze,nisi,du bist nicht,you are not,değilsin,du är inte,jij bent niet,du er ikke,du er ikke,tu n'es pas,web/audio/w0442.mp3
er / sie ist nicht:nije,33,satzbau,saetze,nije,er / sie ist nicht,he / she is not,o değil,han / hon är inte,hij / zij is niet,han / hun er ikke,han / hun er ikke,il / elle n'est pas,web/audio/w0443.mp3
ich habe nicht / kein:nemam,33,satzbau,saetze,nemam,ich habe nicht / kein,I do not have,bende yok,jag har inte,ik heb geen,jeg har ikke,jeg har ikke,je n'ai pas,web/audio/w0444.mp3
ich kann nicht:ne mogu,33,satzbau,saetze,ne mogu,ich kann nicht,I cannot,yapamam,jag kan inte,ik kan niet,jeg kan ikke,jeg kan ikke,je ne peux pas,web/audio/w0445.mp3
ich will nicht:neću,33,satzbau,saetze,neću,ich will nicht,I do not want,istemiyorum,jag vill inte,ik wil niet,jeg vil ikke,jeg vil ikke,je ne veux pas,web/audio/w0446.mp3
und:i,33,satzbau,saetze,i,und,and,ve,och,en,og,og,et,web/audio/w0447.mp3
aber:ali,33,satzbau,saetze,ali,aber,but,ama,men,maar,men,men,mais,web/audio/w0448.mp3
oder:ili,33,satzbau,saetze,ili,oder,or,veya,eller,of,eller,eller,ou,web/audio/w0449.mp3
weil:jer,33,satzbau,saetze,jer,weil,because,çünkü,för att,omdat,fordi,fordi,parce que,web/audio/w0450.mp3
dass:da,33,satzbau,saetze,da,dass,that,ki,att,dat,at,at,que,web/audio/w0009.mp3
ob:da li,33,satzbau,saetze,da li,ob,whether,-ıp -madığı,om (i frågor),of (in vragen),om (i spørsmål),om (i spørgsmål),si (dans une question),web/audio/w0451.mp3
wenn / falls:ako,33,satzbau,saetze,ako,wenn / falls,if,eğer,om (villkor),als,hvis,hvis (betingelse),si (condition),web/audio/w0452.mp3
als / wenn (zeitlich):kad,33,satzbau,saetze,kad,als / wenn (zeitlich),when (in time),-dığı zaman,när (i tiden),wanneer (in de tijd),da / når (i tid),da / når (om tid),quand (temporel),web/audio/w0453.mp3
deshalb:zato,33,satzbau,saetze,zato,deshalb,therefore,bu yüzden,därför,daarom,derfor,derfor,c'est pourquoi,web/audio/w0454.mp3
"ich denke, dass ...:Mislim da ...",33,satzbau,saetze,Mislim da ...,"Ich denke, dass ...",I think that ...,Bence ... / ... diye düşünüyorum,Jag tror att ...,Ik denk dat ...,Jeg tror at ...,"Jeg tror, at ...",Je pense que ...,web/audio/w0455.mp3
"ich weiß nicht, wo ...:Ne znam gdje ...",33,satzbau,saetze,Ne znam gdje ...,"Ich weiß nicht, wo ...",I do not know where ...,Nerede olduğunu bilmiyorum ...,Jag vet inte var ...,Ik weet niet waar ...,Jeg vet ikke hvor ...,"Jeg ved ikke, hvor ...",Je ne sais pas où ...,web/audio/w0456.mp3
"ich frage mich, ob ...:Pitam se da li ...",33,satzbau,saetze,Pitam se da li ...,"Ich frage mich, ob ...",I wonder whether ...,Acaba ... mı diye merak ediyorum,Jag undrar om ...,Ik vraag me af of ...,Jeg lurer på om ...,"Jeg spekulerer på, om ...",Je me demande si ...,web/audio/w0457.mp3
"er sagt, dass ...:Kaže da ...",33,satzbau,saetze,Kaže da ...,"Er sagt, dass ...",He says that ...,... diyor,Han säger att ...,Hij zegt dat ...,Han sier at ...,"Han siger, at ...",Il dit que ...,web/audio/w0458.mp3
"ich hoffe, dass ...:Nadam se da ...",33,satzbau,saetze,Nadam se da ...,"Ich hoffe, dass ...",I hope that ...,Umarım ki ...,Jag hoppas att ...,Ik hoop dat ...,Jeg håper at ...,"Jeg håber, at ...",J'espère que ...,web/audio/w0459.mp3
ich glaube nicht:Ne vjerujem,33,satzbau,saetze,Ne vjerujem,Ich glaube nicht,I do not believe so,Sanmıyorum,Jag tror inte det,Ik denk het niet,Jeg tror ikke det,Det tror jeg ikke,Je ne crois pas,web/audio/w0460.mp3
niemand:niko,33,satzbau,saetze,niko,niemand,nobody,hiç kimse,ingen,niemand,ingen,ingen,personne (négation),web/audio/w0461.mp3
nie:nikad,33,satzbau,saetze,nikad,nie,never,asla,aldrig,nooit,aldri,aldrig,jamais,web/audio/w0462.mp3
immer:uvijek,33,satzbau,saetze,uvijek,immer,always,her zaman,alltid,altijd,alltid,altid,toujours,web/audio/w0463.mp3
auch:također,33,satzbau,saetze,također,auch,also,de / da,också,ook,også,også,aussi,web/audio/w0464.mp3
nur:samo,33,satzbau,saetze,samo,nur,only,sadece,bara,alleen,bare,kun,seulement,web/audio/w0465.mp3
schon:već,33,satzbau,saetze,već,schon,already,zaten,redan,al,allerede,allerede,déjà,web/audio/w0466.mp3
noch nicht:još ne,33,satzbau,saetze,još ne,noch nicht,not yet,henüz değil,inte än,nog niet,ikke ennå,ikke endnu,pas encore,web/audio/w0467.mp3
ich sehe den bruder:Vidim brata,34,faelle1,saetze,Vidim brata,Ich sehe den Bruder,I see the brother,Erkek kardeşi görüyorum,Jag ser brodern,Ik zie de broer,Jeg ser broren,Jeg ser broren,Je vois le frère,web/audio/w0468.mp3
ich sehe die schwester:Vidim sestru,34,faelle1,saetze,Vidim sestru,Ich sehe die Schwester,I see the sister,Kız kardeşi görüyorum,Jag ser systern,Ik zie de zus,Jeg ser søsteren,Jeg ser søsteren,Je vois la sœur,web/audio/w0469.mp3
ich sehe das kind:Vidim dijete,34,faelle1,saetze,Vidim dijete,Ich sehe das Kind,I see the child,Çocuğu görüyorum,Jag ser barnet,Ik zie het kind,Jeg ser barnet,Jeg ser barnet,Je vois l'enfant,web/audio/w0470.mp3
ich trinke kaffee:Pijem kahvu,34,faelle1,saetze,Pijem kahvu,Ich trinke Kaffee,I am drinking coffee,Kahve içiyorum,Jag dricker kaffe,Ik drink koffie,Jeg drikker kaffe,Jeg drikker kaffe,Je bois du café,web/audio/w0471.mp3
ich esse brot:Jedem hljeb,34,faelle1,saetze,Jedem hljeb,Ich esse Brot,I am eating bread,Ekmek yiyorum,Jag äter bröd,Ik eet brood,Jeg spiser brød,Jeg spiser brød,Je mange du pain,web/audio/w0472.mp3
ich habe eine frage:Imam pitanje,34,faelle1,saetze,Imam pitanje,Ich habe eine Frage,I have a question,Bir sorum var,Jag har en fråga,Ik heb een vraag,Jeg har et spørsmål,Jeg har et spørgsmål,J'ai une question,web/audio/w0473.mp3
ich habe ein auto:Imam auto,34,faelle1,saetze,Imam auto,Ich habe ein Auto,I have a car,Arabam var,Jag har en bil,Ik heb een auto,Jeg har en bil,Jeg har en bil,J'ai une voiture,web/audio/w0474.mp3
ich liebe meine mutter:Volim svoju majku,34,faelle1,saetze,Volim svoju majku,Ich liebe meine Mutter,I love my mother,Annemi seviyorum,Jag älskar min mor,Ik hou van mijn moeder,Jeg elsker moren min,Jeg elsker min mor,J'aime ma mère,web/audio/w0475.mp3
ich kaufe eine jacke:Kupujem jaknu,34,faelle1,saetze,Kupujem jaknu,Ich kaufe eine Jacke,I am buying a jacket,Bir ceket alıyorum,Jag köper en jacka,Ik koop een jas,Jeg kjøper en jakke,Jeg køber en jakke,J'achète une veste,web/audio/w0476.mp3
ich lese ein buch:Čitam knjigu,34,faelle1,saetze,Čitam knjigu,Ich lese ein Buch,I am reading a book,Bir kitap okuyorum,Jag läser en bok,Ik lees een boek,Jeg leser en bok,Jeg læser en bog,Je lis un livre,web/audio/w0477.mp3
ich rufe den arzt:Zovem doktora,34,faelle1,saetze,Zovem doktora,Ich rufe den Arzt,I am calling the doctor,Doktoru arıyorum,Jag ringer läkaren,Ik bel de dokter,Jeg ringer legen,Jeg ringer til lægen,J'appelle le médecin,web/audio/w0478.mp3
er hat einen hund:On ima psa,34,faelle1,saetze,On ima psa,Er hat einen Hund,He has a dog,Onun köpeği var,Han har en hund,Hij heeft een hond,Han har en hund,Han har en hund,Il a un chien,web/audio/w0479.mp3
sie hat eine katze:Ona ima mačku,34,faelle1,saetze,Ona ima mačku,Sie hat eine Katze,She has a cat,Onun kedisi var,Hon har en katt,Zij heeft een kat,Hun har en katt,Hun har en kat,Elle a un chat,web/audio/w0480.mp3
wir suchen die straße:Tražimo ulicu,34,faelle1,saetze,Tražimo ulicu,Wir suchen die Straße,We are looking for the street,Sokağı arıyoruz,Vi letar efter gatan,Wij zoeken de straat,Vi leter etter gata,Vi leder efter gaden,Nous cherchons la rue,web/audio/w0481.mp3
ich brauche wasser:Trebam vodu,34,faelle1,saetze,Trebam vodu,Ich brauche Wasser,I need water,Suya ihtiyacım var,Jag behöver vatten,Ik heb water nodig,Jeg trenger vann,Jeg har brug for vand,J'ai besoin d'eau,web/audio/w0482.mp3
ich brauche einen schlüssel:Trebam ključ,34,faelle1,saetze,Trebam ključ,Ich brauche einen Schlüssel,I need a key,Anahtara ihtiyacım var,Jag behöver en nyckel,Ik heb een sleutel nodig,Jeg trenger en nøkkel,Jeg har brug for en nøgle,J'ai besoin d'une clé,web/audio/w0483.mp3
ich kenne deinen bruder:Znam tvog brata,34,faelle1,saetze,Znam tvog brata,Ich kenne deinen Bruder,I know your brother,Erkek kardeşini tanıyorum,Jag känner din bror,Ik ken jouw broer,Jeg kjenner broren din,Jeg kender din bror,Je connais ton frère,web/audio/w0484.mp3
frage:pitanje,34,faelle1,saetze,pitanje,Frage,question,soru,fråga,vraag,spørsmål,spørgsmål,question,web/audio/w0485.mp3
antwort:odgovor,34,faelle1,saetze,odgovor,Antwort,answer,cevap,svar,antwoord,svar,svar,réponse,web/audio/w0486.mp3
lesen:čitati,34,faelle1,saetze,čitati,lesen,to read,okumak,läsa,lezen,lese,at læse,lire,web/audio/w0487.mp3
suchen:tražiti,34,faelle1,saetze,tražiti,suchen,to look for,aramak,leta efter,zoeken,lete etter,at lede efter,chercher,web/audio/w0488.mp3
brauchen:trebati,34,faelle1,saetze,trebati,brauchen,to need,ihtiyaç duymak,behöva,nodig hebben,trenge,at have brug for,avoir besoin de,web/audio/w0489.mp3
rufen / anrufen:zvati,34,faelle1,saetze,zvati,rufen / anrufen,to call,çağırmak / aramak,ropa / ringa,roepen / bellen,rope / ringe,at kalde / at ringe,appeler,web/audio/w0490.mp3
ich kaufe:kupujem,34,faelle1,saetze,kupujem,ich kaufe,I buy,alıyorum,jag köper,ik koop,jeg kjøper,jeg køber,j'achète,web/audio/w0491.mp3
ich sehe:vidim,34,faelle1,saetze,vidim,ich sehe,I see,görüyorum,jag ser,ik zie,jeg ser,jeg ser,je vois,web/audio/w0492.mp3
mich:mene / me,34,faelle1,saetze,mene / me,mich,me,beni,mig,mij,meg,mig,me,web/audio/w2172.mp3
dich:tebe / te,34,faelle1,saetze,tebe / te,dich,you (object),seni,dig,jou,deg,dig,te,web/audio/w2173.mp3
ihn:njega / ga,34,faelle1,saetze,njega / ga,ihn,him,onu (erkek),honom,hem,ham,ham,le (lui),web/audio/w2174.mp3
sie (akkusativ):nju / je,34,faelle1,saetze,nju / je,sie (Akkusativ),her (accusative),onu (kadın),henne,haar (accusatief),henne,hende,la (elle),web/audio/w2175.mp3
ohne zucker:bez šećera,35,faelle2,saetze,bez šećera,ohne Zucker,without sugar,şekersiz,utan socker,zonder suiker,uten sukker,uden sukker,sans sucre,web/audio/w0497.mp3
ohne milch:bez mlijeka,35,faelle2,saetze,bez mlijeka,ohne Milch,without milk,sütsüz,utan mjölk,zonder melk,uten melk,uden mælk,sans lait,web/audio/w0498.mp3
aus bosnien:iz Bosne,35,faelle2,saetze,iz Bosne,aus Bosnien,from Bosnia,Bosna'dan,från Bosnien,uit Bosnië,fra Bosnia,fra Bosnien,de Bosnie,web/audio/w0499.mp3
aus deutschland:iz Njemačke,35,faelle2,saetze,iz Njemačke,aus Deutschland,from Germany,Almanya'dan,från Tyskland,uit Duitsland,fra Tyskland,fra Tyskland,d'Allemagne,web/audio/w0500.mp3
aus der stadt:iz grada,35,faelle2,saetze,iz grada,aus der Stadt,from the city,şehirden,från staden,uit de stad,fra byen,fra byen,de la ville,web/audio/w0501.mp3
von meinem bruder:od mog brata,35,faelle2,saetze,od mog brata,von meinem Bruder,from my brother,erkek kardeşimden,från min bror,van mijn broer,fra broren min,fra min bror,de mon frère,web/audio/w0502.mp3
bis morgen:do sutra,35,faelle2,saetze,do sutra,bis morgen,until tomorrow,yarına kadar,till i morgon,tot morgen,til i morgen,indtil i morgen,jusqu'à demain,web/audio/w0503.mp3
bis zur haltestelle:do stanice,35,faelle2,saetze,do stanice,bis zur Haltestelle,up to the stop,durağa kadar,fram till hållplatsen,tot aan de halte,fram til holdeplassen,helt til stoppestedet,jusqu'à l'arrêt,web/audio/w0504.mp3
neben dem haus:pored kuće,35,faelle2,saetze,pored kuće,neben dem Haus,next to the house,evin yanında,bredvid huset,naast het huis,ved siden av huset,ved siden af huset,à côté de la maison,web/audio/w0505.mp3
bei der oma:kod nane,35,faelle2,saetze,kod nane,bei der Oma,at grandma's,ninemde,hos mormor,bij oma,hos bestemor,hos bedstemor,chez grand-mère,web/audio/w0506.mp3
bei meinem freund:kod prijatelja,35,faelle2,saetze,kod prijatelja,bei meinem Freund,at my friend's,arkadaşımda,hos min vän,bij mijn vriend,hos vennen min,hos min ven,chez mon ami,web/audio/w0507.mp3
das haus meiner schwester:kuća moje sestre,35,faelle2,saetze,kuća moje sestre,das Haus meiner Schwester,my sister's house,kız kardeşimin evi,min systers hus,het huis van mijn zus,søsteren mins hus,min søsters hus,la maison de ma sœur,web/audio/w0508.mp3
das auto des vaters:auto oca,35,faelle2,saetze,auto oca,das Auto des Vaters,the father's car,babanın arabası,faderns bil,de auto van vader,farens bil,farens bil,la voiture du père,web/audio/w0509.mp3
ein glas wasser:čaša vode,35,faelle2,saetze,čaša vode,ein Glas Wasser,a glass of water,bir bardak su,ett glas vatten,een glas water,et glass vann,et glas vand,un verre d'eau,web/audio/w0510.mp3
eine tasse kaffee:šolja kahve,35,faelle2,saetze,šolja kahve,eine Tasse Kaffee,a cup of coffee,bir fincan kahve,en kopp kaffe,een kopje koffie,en kopp kaffe,en kop kaffe,une tasse de café,web/audio/w0511.mp3
ein kilo äpfel:kilogram jabuka,35,faelle2,saetze,kilogram jabuka,ein Kilo Äpfel,a kilo of apples,bir kilo elma,ett kilo äpplen,een kilo appels,en kilo epler,et kilo æbler,un kilo de pommes,web/audio/w0512.mp3
viele menschen:mnogo ljudi,35,faelle2,saetze,mnogo ljudi,viele Menschen,many people,çok insan,många människor,veel mensen,mange mennesker,mange mennesker,beaucoup de gens,web/audio/w0513.mp3
wenig zeit:malo vremena,35,faelle2,saetze,malo vremena,wenig Zeit,little time,az vakit,lite tid,weinig tijd,lite tid,lidt tid,peu de temps,web/audio/w0514.mp3
ich habe kein geld:Nemam novca,35,faelle2,saetze,Nemam novca,Ich habe kein Geld,I have no money,Param yok,Jag har inga pengar,Ik heb geen geld,Jeg har ingen penger,Jeg har ingen penge,Je n'ai pas d'argent,web/audio/w0515.mp3
es gibt kein brot:Nema hljeba,35,faelle2,saetze,Nema hljeba,Es gibt kein Brot,There is no bread,Ekmek yok,Det finns inget bröd,Er is geen brood,Det finnes ikke noe brød,Der er ikke noget brød,Il n'y a pas de pain,web/audio/w0516.mp3
es gibt viele kinder:Ima mnogo djece,35,faelle2,saetze,Ima mnogo djece,Es gibt viele Kinder,There are many children,Çok çocuk var,Det finns många barn,Er zijn veel kinderen,Det er mange barn,Der er mange børn,Il y a beaucoup d'enfants,web/audio/w0517.mp3
glas:čaša,35,faelle2,saetze,čaša,Glas,glass,bardak,glas,glas,glass,glas,verre,web/audio/w0518.mp3
tasse:šolja,35,faelle2,saetze,šolja,Tasse,cup,fincan,kopp,kopje,kopp,kop,tasse,web/audio/w0519.mp3
kilo:kilogram,35,faelle2,saetze,kilogram,Kilo,kilo,kilo,kilo,kilo,kilo,kilo,kilo,web/audio/w0520.mp3
viel / viele:mnogo,35,faelle2,saetze,mnogo,viel / viele,much / many,çok / birçok,mycket / många,veel,mye / mange,meget / mange,beaucoup,web/audio/w0521.mp3
wenig:malo,35,faelle2,saetze,malo,wenig,little,az,lite,weinig,lite,lidt,peu,web/audio/w0263.mp3
genug:dosta,35,faelle2,saetze,dosta,genug,enough,yeterli,tillräckligt,genoeg,nok,nok,assez,web/audio/w0522.mp3
in der nähe von:blizu,35,faelle2,saetze,blizu,in der Nähe von,near,yakınında,nära,dicht bij,nær,tæt på,près de,web/audio/w0523.mp3
wegen:zbog,35,faelle2,saetze,zbog,wegen,because of,yüzünden,på grund av,vanwege,på grunn av,på grund af,à cause de,web/audio/w0524.mp3
in (wo):u,36,praepositionen,saetze,u,in (wo),in (where),içinde (nerede),i (var),in (waar),i (hvor),i (hvor),dans (où),web/audio/w0525.mp3
auf (wo):na,36,praepositionen,saetze,na,auf (wo),on (where),üstünde (nerede),på (var),op (waar),på (hvor),på (hvor),sur (où),web/audio/w0526.mp3
aus:iz,36,praepositionen,saetze,iz,aus,from,-den,från,uit,fra,fra,de (provenance),web/audio/w0527.mp3
von:od,36,praepositionen,saetze,od,von,from / of,-den / -in,av,van,av,af,de,web/audio/w0528.mp3
bis:do,36,praepositionen,saetze,do,bis,until,-e kadar,till,tot,til,til,jusqu'à,web/audio/w0529.mp3
mit:sa,36,praepositionen,saetze,sa,mit,with,ile,med,met,med,med,avec,web/audio/w0530.mp3
für:za,36,praepositionen,saetze,za,für,for,için,för,voor,for,for,pour,web/audio/w0531.mp3
bei:kod,36,praepositionen,saetze,kod,bei,at,-de,hos,bij,hos,hos,chez,web/audio/w0532.mp3
ohne:bez,36,praepositionen,saetze,bez,ohne,without,-siz,utan,zonder,uten,uden,sans,web/audio/w0533.mp3
zu / in richtung:prema,36,praepositionen,saetze,prema,zu / in Richtung,towards,-e doğru,mot,naar,mot,mod,vers,web/audio/w0534.mp3
über / oberhalb:iznad,36,praepositionen,saetze,iznad,über / oberhalb,above,üstünde,ovanför,boven,over,over,au-dessus de,web/audio/w0535.mp3
unter:ispod,36,praepositionen,saetze,ispod,unter,under,altında,under,onder,under,under,sous,web/audio/w0536.mp3
zwischen:između,36,praepositionen,saetze,između,zwischen,between,arasında,mellan,tussen,mellom,mellem,entre,web/audio/w0537.mp3
hinter:iza,36,praepositionen,saetze,iza,hinter,behind,arkasında,bakom,achter,bak,bag,derrière,web/audio/w0538.mp3
vor (räumlich):ispred,36,praepositionen,saetze,ispred,vor (räumlich),in front of,önünde,framför,voor (plaats),foran,foran,devant,web/audio/w0539.mp3
neben:pored,36,praepositionen,saetze,pored,neben,next to,yanında,bredvid,naast,ved siden av,ved siden af,à côté de,web/audio/w0540.mp3
nach (zeitlich):poslije,36,praepositionen,saetze,poslije,nach (zeitlich),after,-den sonra,efter,na,etter,efter,après,web/audio/w0541.mp3
vor (zeitlich):prije,36,praepositionen,saetze,prije,vor (zeitlich),before,-den önce,före,voor (tijd),før,før,avant,web/audio/w0542.mp3
durch:kroz,36,praepositionen,saetze,kroz,durch,through,içinden,genom,door,gjennom,gennem,à travers,web/audio/w0543.mp3
um ... herum:oko,36,praepositionen,saetze,oko,um ... herum,around,etrafında,runt,rond,rundt,rundt om,autour de,web/audio/w0220.mp3
in der stadt:u gradu,36,praepositionen,saetze,u gradu,in der Stadt,in the city,şehirde,i staden,in de stad,i byen,i byen,en ville,web/audio/w0544.mp3
im haus:u kući,36,praepositionen,saetze,u kući,im Haus,in the house,evde,i huset,in het huis,i huset,i huset,dans la maison,web/audio/w0545.mp3
auf dem tisch:na stolu,36,praepositionen,saetze,na stolu,auf dem Tisch,on the table,masada,på bordet,op de tafel,på bordet,på bordet,sur la table,web/audio/w0546.mp3
auf dem markt:na pijaci,36,praepositionen,saetze,na pijaci,auf dem Markt,at the market,pazarda,på marknaden,op de markt,på markedet,på markedet,au marché,web/audio/w0547.mp3
mit meiner frau:s mojom ženom,36,praepositionen,saetze,s mojom ženom,mit meiner Frau,with my wife,eşimle,med min fru,met mijn vrouw,med kona mi,med min kone,avec ma femme,web/audio/w0548.mp3
für dich:za tebe,36,praepositionen,saetze,za tebe,für dich,for you,senin için,för dig,voor jou,for deg,for dig,pour toi,web/audio/w0549.mp3
für die kinder:za djecu,36,praepositionen,saetze,za djecu,für die Kinder,for the children,çocuklar için,för barnen,voor de kinderen,for barna,for børnene,pour les enfants,web/audio/w0550.mp3
im auto:u autu,36,praepositionen,saetze,u autu,im Auto,in the car,arabada,i bilen,in de auto,i bilen,i bilen,dans la voiture,web/audio/w0551.mp3
nach der arbeit:poslije posla,36,praepositionen,saetze,poslije posla,nach der Arbeit,after work,işten sonra,efter jobbet,na het werk,etter jobben,efter arbejdet,après le travail,web/audio/w0552.mp3
vor dem essen:prije jela,36,praepositionen,saetze,prije jela,vor dem Essen,before the meal,yemekten önce,före maten,voor het eten,før maten,før maden,avant le repas,web/audio/w0553.mp3
ich gebe dem bruder:Dajem bratu,37,faelle3,saetze,Dajem bratu,Ich gebe dem Bruder,I give to the brother,Erkek kardeşime veriyorum,Jag ger till brodern,Ik geef aan de broer,Jeg gir til broren,Jeg giver til broren,Je donne au frère,web/audio/w0554.mp3
ich gebe der schwester:Dajem sestri,37,faelle3,saetze,Dajem sestri,Ich gebe der Schwester,I give to the sister,Kız kardeşime veriyorum,Jag ger till systern,Ik geef aan de zus,Jeg gir til søsteren,Jeg giver til søsteren,Je donne à la sœur,web/audio/w0555.mp3
ich gebe dem kind:Dajem djetetu,37,faelle3,saetze,Dajem djetetu,Ich gebe dem Kind,I give to the child,Çocuğa veriyorum,Jag ger till barnet,Ik geef aan het kind,Jeg gir til barnet,Jeg giver til barnet,Je donne à l'enfant,web/audio/w0556.mp3
ich helfe meiner mutter:Pomažem majci,37,faelle3,saetze,Pomažem majci,Ich helfe meiner Mutter,I help my mother,Anneme yardım ediyorum,Jag hjälper min mor,Ik help mijn moeder,Jeg hjelper moren min,Jeg hjælper min mor,J'aide ma mère,web/audio/w0557.mp3
ich sage dem freund:Kažem prijatelju,37,faelle3,saetze,Kažem prijatelju,Ich sage dem Freund,I tell my friend,Arkadaşıma söylüyorum,Jag säger till min vän,Ik zeg het tegen mijn vriend,Jeg sier det til vennen min,Jeg siger det til min ven,Je le dis à mon ami,web/audio/w0558.mp3
ich schreibe der oma:Pišem nani,37,faelle3,saetze,Pišem nani,Ich schreibe der Oma,I am writing to grandma,Nineme yazıyorum,Jag skriver till mormor,Ik schrijf aan oma,Jeg skriver til bestemor,Jeg skriver til bedstemor,J'écris à grand-mère,web/audio/w0559.mp3
mir:meni / mi,37,faelle3,saetze,meni / mi,mir,to me,bana,till mig,aan mij,til meg,til mig,à moi,web/audio/w2176.mp3
dir:tebi / ti,37,faelle3,saetze,tebi / ti,dir,to you,sana,till dig,aan jou,til deg,til dig,à toi,web/audio/w2177.mp3
ihm:njemu / mu,37,faelle3,saetze,njemu / mu,ihm,to him,ona (erkek),till honom,aan hem,til ham,til ham,à lui,web/audio/w2178.mp3
ihr (dativ):njoj / joj,37,faelle3,saetze,njoj / joj,ihr (Dativ),to her (dative),ona (kadın),till henne,aan haar,til henne,til hende,à elle,web/audio/w2179.mp3
uns:nama / nam,37,faelle3,saetze,nama / nam,uns,to us,bize,till oss,aan ons,til oss,til os,à nous,web/audio/w2180.mp3
euch / ihnen:vama / vam,37,faelle3,saetze,vama / vam,euch / Ihnen,to you (plural or formal),size,till er,aan jullie / aan u,til dere,til jer / til Dem,à vous,web/audio/w2181.mp3
gib mir:Daj mi,37,faelle3,saetze,Daj mi,Gib mir,Give me,Bana ver,Ge mig,Geef mij,Gi meg,Giv mig,Donne-moi,web/audio/w0566.mp3
sag mir:Reci mi,37,faelle3,saetze,Reci mi,Sag mir,Tell me,Bana söyle,Säg mig,Zeg mij,Si meg,Sig mig,Dis-moi,web/audio/w0567.mp3
mir ist kalt:Hladno mi je,37,faelle3,saetze,Hladno mi je,Mir ist kalt,I am cold,Üşüyorum,Jag fryser,Ik heb het koud,Jeg fryser,Jeg fryser,J'ai froid,web/audio/w0568.mp3
in der schule:u školi,37,faelle3,saetze,u školi,in der Schule,at school,okulda,i skolan,op school,på skolen,i skolen,à l'école,web/audio/w0569.mp3
in der küche:u kuhinji,37,faelle3,saetze,u kuhinji,in der Küche,in the kitchen,mutfakta,i köket,in de keuken,på kjøkkenet,i køkkenet,dans la cuisine,web/audio/w0570.mp3
auf der straße:na ulici,37,faelle3,saetze,na ulici,auf der Straße,on the street,sokakta,på gatan,op straat,på gata,på gaden,dans la rue,web/audio/w0571.mp3
in sarajevo:u Sarajevu,37,faelle3,saetze,u Sarajevu,in Sarajevo,in Sarajevo,Saraybosna'da,i Sarajevo,in Sarajevo,i Sarajevo,i Sarajevo,à Sarajevo,web/audio/w0572.mp3
im zimmer:u sobi,37,faelle3,saetze,u sobi,im Zimmer,in the room,odada,i rummet,in de kamer,i rommet,i værelset,dans la pièce,web/audio/w0573.mp3
über die arbeit sprechen:govoriti o poslu,37,faelle3,saetze,govoriti o poslu,über die Arbeit sprechen,to talk about work,iş hakkında konuşmak,prata om jobbet,over het werk praten,snakke om jobben,at tale om arbejdet,parler du travail,web/audio/w0574.mp3
ich denke an dich:Mislim na tebe,37,faelle3,saetze,Mislim na tebe,Ich denke an dich,I am thinking of you,Seni düşünüyorum,Jag tänker på dig,Ik denk aan jou,Jeg tenker på deg,Jeg tænker på dig,Je pense à toi,web/audio/w0575.mp3
ich wohne in berlin:Stanujem u Berlinu,37,faelle3,saetze,Stanujem u Berlinu,Ich wohne in Berlin,I live in Berlin,Berlin'de oturuyorum,Jag bor i Berlin,Ik woon in Berlijn,Jeg bor i Berlin,Jeg bor i Berlin,J'habite à Berlin,web/audio/w0576.mp3
geben:dati,37,faelle3,saetze,dati,geben,to give,vermek,ge,geven,gi,at give,donner,web/audio/w0577.mp3
helfen:pomoći,37,faelle3,saetze,pomoći,helfen,to help,yardım etmek,hjälpa,helpen,hjelpe,at hjælpe,aider,web/audio/w0578.mp3
schreiben:pisati,37,faelle3,saetze,pisati,schreiben,to write,yazmak,skriva,schrijven,skrive,at skrive,écrire,web/audio/w0579.mp3
sagen:reći,37,faelle3,saetze,reći,sagen,to say,söylemek,säga,zeggen,si,at sige,dire,web/audio/w0580.mp3
schenken:pokloniti,37,faelle3,saetze,pokloniti,schenken,to give as a present,hediye etmek,ge i present,cadeau geven,gi i gave,at give i gave,offrir,web/audio/w0581.mp3
zeigen:pokazati,37,faelle3,saetze,pokazati,zeigen,to show,göstermek,visa,laten zien,vise,at vise,montrer,web/audio/w0582.mp3
mit dem bruder:s bratom,38,faelle4,saetze,s bratom,mit dem Bruder,with the brother,erkek kardeşle,med brodern,met de broer,med broren,med broren,avec le frère,web/audio/w0583.mp3
mit der schwester:sa sestrom,38,faelle4,saetze,sa sestrom,mit der Schwester,with the sister,kız kardeşle,med systern,met de zus,med søsteren,med søsteren,avec la sœur,web/audio/w0584.mp3
mit den kindern:s djecom,38,faelle4,saetze,s djecom,mit den Kindern,with the children,çocuklarla,med barnen,met de kinderen,med barna,med børnene,avec les enfants,web/audio/w0585.mp3
mit dem auto:autom,38,faelle4,saetze,autom,mit dem Auto,by car,arabayla,med bil,met de auto,med bil,med bil,en voiture,web/audio/w0586.mp3
mit dem bus:autobusom,38,faelle4,saetze,autobusom,mit dem Bus,by bus,otobüsle,med buss,met de bus,med buss,med bus,en bus,web/audio/w0587.mp3
mit dem zug:vozom,38,faelle4,saetze,vozom,mit dem Zug,by train,trenle,med tåg,met de trein,med tog,med tog,en train,web/audio/w0588.mp3
mit dem fahrrad:biciklom,38,faelle4,saetze,biciklom,mit dem Fahrrad,by bike,bisikletle,med cykel,met de fiets,med sykkel,på cykel,à vélo,web/audio/w0589.mp3
zu fuß:pješke,38,faelle4,saetze,pješke,zu Fuß,on foot,yürüyerek,till fots,te voet,til fots,til fods,à pied,web/audio/w0590.mp3
mit mir:sa mnom,38,faelle4,saetze,sa mnom,mit mir,with me,benimle,med mig,met mij,med meg,med mig,avec moi,web/audio/w0591.mp3
mit dir:s tobom,38,faelle4,saetze,s tobom,mit dir,with you,seninle,med dig,met jou,med deg,med dig,avec toi,web/audio/w0592.mp3
mit uns:s nama,38,faelle4,saetze,s nama,mit uns,with us,bizimle,med oss,met ons,med oss,med os,avec nous,web/audio/w0593.mp3
mit zucker:sa šećerom,38,faelle4,saetze,sa šećerom,mit Zucker,with sugar,şekerli,med socker,met suiker,med sukker,med sukker,avec du sucre,web/audio/w0594.mp3
mit milch:s mlijekom,38,faelle4,saetze,s mlijekom,mit Milch,with milk,sütlü,med mjölk,met melk,med melk,med mælk,avec du lait,web/audio/w0595.mp3
unter dem tisch:pod stolom,38,faelle4,saetze,pod stolom,unter dem Tisch,under the table,masanın altında,under bordet,onder de tafel,under bordet,under bordet,sous la table,web/audio/w0596.mp3
anrede: bruder!:brate!,38,faelle4,saetze,brate!,Anrede: Bruder!,brother! (vocative),kardeşim! (hitap),bror! (tilltal),broer! (aanspreekvorm),bror! (tiltale),bror! (tiltale),frère ! (pour s'adresser),web/audio/w0597.mp3
anrede: schwester!:sestro!,38,faelle4,saetze,sestro!,Anrede: Schwester!,sister! (vocative),kardeşim! (kadına hitap),syster! (tilltal),zus! (aanspreekvorm),søster! (tiltale),søster! (tiltale),sœur ! (pour s'adresser),web/audio/w0598.mp3
anrede: freund!:prijatelju!,38,faelle4,saetze,prijatelju!,Anrede: Freund!,friend! (vocative),arkadaşım! (hitap),vän! (tilltal),vriend! (aanspreekvorm),venn! (tiltale),ven! (tiltale),ami ! (pour s'adresser),web/audio/w0599.mp3
anrede: herr!:gospodine!,38,faelle4,saetze,gospodine!,Anrede: Herr!,sir! (vocative),beyefendi! (hitap),herrn! (tilltal),meneer! (aanspreekvorm),herr! (tiltale),hr.! (tiltale),monsieur ! (pour s'adresser),web/audio/w0600.mp3
anrede: frau!:gospođo!,38,faelle4,saetze,gospođo!,Anrede: Frau!,madam! (vocative),hanımefendi! (hitap),frun! (tilltal),mevrouw! (aanspreekvorm),frue! (tiltale),frue! (tiltale),madame ! (pour s'adresser),web/audio/w0601.mp3
anrede: schatz!:dušo!,38,faelle4,saetze,dušo!,Anrede: Schatz!,sweetheart! (vocative),canım! (hitap),älskling! (tilltal),schat! (aanspreekvorm),kjære! (tiltale),skat! (tiltale),mon cœur ! (pour s'adresser),web/audio/w0602.mp3
anrede: papa!:babo!,38,faelle4,saetze,babo!,Anrede: Papa!,dad! (vocative),baba! (hitap),pappa! (tilltal),papa! (aanspreekvorm),pappa! (tiltale),far! (tiltale),papa ! (pour s'adresser),web/audio/w0603.mp3
anrede: oma!:nano!,38,faelle4,saetze,nano!,Anrede: Oma!,grandma! (vocative),nine! (hitap),mormor! (tilltal),oma! (aanspreekvorm),bestemor! (tiltale),bedstemor! (tiltale),grand-mère ! (pour s'adresser),web/audio/w0604.mp3
anrede: sohn!:sine!,38,faelle4,saetze,sine!,Anrede: Sohn!,son! (vocative),oğlum! (hitap),min son! (tilltal),zoon! (aanspreekvorm),sønn! (tiltale),søn! (tiltale),mon fils ! (pour s'adresser),web/audio/w0605.mp3
zug:voz,38,faelle4,saetze,voz,Zug,train,tren,tåg,trein,tog,tog,train,web/audio/w0606.mp3
flugzeug:avion,38,faelle4,saetze,avion,Flugzeug,airplane,uçak,flygplan,vliegtuig,fly,fly,avion,web/audio/w0607.mp3
fahrrad:bicikl,38,faelle4,saetze,bicikl,Fahrrad,bicycle,bisiklet,cykel,fiets,sykkel,cykel,vélo,web/audio/w0608.mp3
löffel:kašika,38,faelle4,saetze,kašika,Löffel,spoon,kaşık,sked,lepel,skje,ske,cuillère,web/audio/w0609.mp3
mit dem löffel:kašikom,38,faelle4,saetze,kašikom,mit dem Löffel,with the spoon,kaşıkla,med skeden,met de lepel,med skjeen,med skeen,avec la cuillère,web/audio/w0610.mp3
messer:nož,38,faelle4,saetze,nož,Messer,knife,bıçak,kniv,mes,kniv,kniv,couteau,web/audio/w0611.mp3
ich war (m/w):bio sam / bila sam,39,vergangenheit,saetze,bio sam / bila sam,ich war (m/w),I was (m/f),-dim (e/k),jag var (m/k),ik was (m/v),jeg var (m/k),jeg var (m/k),j'étais (m/f),web/audio/w2182.mp3
du warst (m/w):bio si / bila si,39,vergangenheit,saetze,bio si / bila si,du warst (m/w),you were (m/f),-din (e/k),du var (m/k),jij was (m/v),du var (m/k),du var (m/k),tu étais (m/f),web/audio/w2183.mp3
er war:bio je,39,vergangenheit,saetze,bio je,er war,he was,o -di (erkek),han var,hij was,han var,han var,il était,web/audio/w0614.mp3
sie war:bila je,39,vergangenheit,saetze,bila je,sie war,she was,o -di (kadın),hon var,zij was,hun var,hun var,elle était,web/audio/w0615.mp3
wir waren:bili smo,39,vergangenheit,saetze,bili smo,wir waren,we were,-dik,vi var,wij waren,vi var,vi var,nous étions,web/audio/w0616.mp3
ich hatte (m/w):imao sam / imala sam,39,vergangenheit,saetze,imao sam / imala sam,ich hatte (m/w),I had (m/f),bende vardı (e/k),jag hade (m/k),ik had (m/v),jeg hadde (m/k),jeg havde (m/k),j'avais (m/f),web/audio/w2184.mp3
ich habe gearbeitet (m/w):radio sam / radila sam,39,vergangenheit,saetze,radio sam / radila sam,ich habe gearbeitet (m/w),I worked (m/f),çalıştım (e/k),jag arbetade (m/k),ik heb gewerkt (m/v),jeg arbeidet (m/k),jeg arbejdede (m/k),j'ai travaillé (m/f),web/audio/w2185.mp3
ich habe gegessen (m/w):jeo sam / jela sam,39,vergangenheit,saetze,jeo sam / jela sam,ich habe gegessen (m/w),I ate (m/f),yedim (e/k),jag åt (m/k),ik heb gegeten (m/v),jeg spiste (m/k),jeg spiste (m/k),j'ai mangé (m/f),web/audio/w2186.mp3
ich habe gesehen (m/w):vidio sam / vidjela sam,39,vergangenheit,saetze,vidio sam / vidjela sam,ich habe gesehen (m/w),I saw (m/f),gördüm (e/k),jag såg (m/k),ik heb gezien (m/v),jeg så (m/k),jeg så (m/k),j'ai vu (m/f),web/audio/w2187.mp3
ich bin gegangen (m/w):išao sam / išla sam,39,vergangenheit,saetze,išao sam / išla sam,ich bin gegangen (m/w),I went (m/f),gittim (e/k),jag gick (m/k),ik ben gegaan (m/v),jeg gikk (m/k),jeg gik (m/k),je suis allé (m/f),web/audio/w2188.mp3
ich habe gesagt (m/w):rekao sam / rekla sam,39,vergangenheit,saetze,rekao sam / rekla sam,ich habe gesagt (m/w),I said (m/f),söyledim (e/k),jag sa (m/k),ik heb gezegd (m/v),jeg sa (m/k),jeg sagde (m/k),j'ai dit (m/f),web/audio/w2189.mp3
ich habe gekauft (m/w):kupio sam / kupila sam,39,vergangenheit,saetze,kupio sam / kupila sam,ich habe gekauft (m/w),I bought (m/f),satın aldım (e/k),jag köpte (m/k),ik heb gekocht (m/v),jeg kjøpte (m/k),jeg købte (m/k),j'ai acheté (m/f),web/audio/w2190.mp3
ich habe gelernt (m/w):učio sam / učila sam,39,vergangenheit,saetze,učio sam / učila sam,ich habe gelernt (m/w),I studied (m/f),öğrendim (e/k),jag pluggade (m/k),ik heb geleerd (m/v),jeg lærte (m/k),jeg lærte (m/k),j'ai appris (m/f),web/audio/w2191.mp3
ich habe gewohnt (m/w):stanovao sam / stanovala sam,39,vergangenheit,saetze,stanovao sam / stanovala sam,ich habe gewohnt (m/w),I lived (m/f),oturdum (e/k),jag bodde (m/k),ik heb gewoond (m/v),jeg bodde (m/k),jeg boede (m/k),j'ai habité (m/f),web/audio/w2192.mp3
letzte woche:prošle sedmice,39,vergangenheit,saetze,prošle sedmice,letzte Woche,last week,geçen hafta,förra veckan,vorige week,forrige uke,i sidste uge,la semaine dernière,web/audio/w0626.mp3
letztes jahr:prošle godine,39,vergangenheit,saetze,prošle godine,letztes Jahr,last year,geçen yıl,förra året,vorig jaar,i fjor,sidste år,l'année dernière,web/audio/w0627.mp3
vor zwei tagen:prije dva dana,39,vergangenheit,saetze,prije dva dana,vor zwei Tagen,two days ago,iki gün önce,för två dagar sedan,twee dagen geleden,for to dager siden,for to dage siden,il y a deux jours,web/audio/w0628.mp3
früher:prije,39,vergangenheit,saetze,prije,früher,earlier,daha önce,tidigare,vroeger,tidligere,tidligere,avant,web/audio/w0542.mp3
damals:tada,39,vergangenheit,saetze,tada,damals,back then,o zamanlar,på den tiden,destijds,den gangen,dengang,à l'époque,web/audio/w0629.mp3
ich war in bosnien (m/w):Bio sam u Bosni / Bila sam u Bosni,39,vergangenheit,saetze,Bio sam u Bosni / Bila sam u Bosni,Ich war in Bosnien (m/w),I was in Bosnia (m/f),Bosna'daydım (e/k),Jag var i Bosnien (m/k),Ik was in Bosnië (m/v),Jeg var i Bosnia (m/k),Jeg var i Bosnien (m/k),J'étais en Bosnie (m/f),web/audio/w2193.mp3
es war schön:Bilo je lijepo,39,vergangenheit,saetze,Bilo je lijepo,Es war schön,It was nice,Güzeldi,Det var fint,Het was mooi,Det var fint,Det var dejligt,C'était beau,web/audio/w0631.mp3
was hast du gemacht? (m/w):Šta si radio? / Šta si radila?,39,vergangenheit,saetze,Šta si radio? / Šta si radila?,Was hast du gemacht? (m/w),What did you do? (m/f),Ne yaptın? (e/k),Vad gjorde du? (m/k),Wat heb je gedaan? (m/v),Hva gjorde du? (m/k),Hvad lavede du? (m/k),Qu'est-ce que tu as fait ? (m/f),web/audio/w2194.mp3
ich werde:ću,40,zukunft,saetze,ću,ich werde,I will,-eceğim,jag ska,ik zal,jeg skal,jeg skal,je vais (futur),web/audio/w0633.mp3
du wirst:ćeš,40,zukunft,saetze,ćeš,du wirst,you will,-eceksin,du ska,jij zult,du skal,du skal,tu vas (futur),web/audio/w0634.mp3
er / sie wird:će,40,zukunft,saetze,će,er / sie wird,he / she will,-ecek,han / hon ska,hij / zij zal,han / hun skal,han / hun skal,il / elle va (futur),web/audio/w0635.mp3
wir werden:ćemo,40,zukunft,saetze,ćemo,wir werden,we will,-eceğiz,vi ska,wij zullen,vi skal,vi skal,nous allons (futur),web/audio/w0636.mp3
ihr werdet:ćete,40,zukunft,saetze,ćete,ihr werdet,you will (plural),-eceksiniz,ni ska,jullie zullen,dere skal,I skal,vous allez (futur),web/audio/w0637.mp3
ich werde arbeiten:Radit ću,40,zukunft,saetze,Radit ću,Ich werde arbeiten,I will work,Çalışacağım,Jag ska arbeta,Ik zal werken,Jeg skal arbeide,Jeg skal arbejde,Je vais travailler,web/audio/w0638.mp3
ich werde kommen:Doći ću,40,zukunft,saetze,Doći ću,Ich werde kommen,I will come,Geleceğim,Jag ska komma,Ik zal komen,Jeg skal komme,Jeg skal komme,Je vais venir,web/audio/w0639.mp3
wir werden sehen:Vidjet ćemo,40,zukunft,saetze,Vidjet ćemo,Wir werden sehen,We will see,Göreceğiz,Vi får se,We zullen zien,Vi får se,Vi får se,On verra,web/audio/w0640.mp3
ich werde lernen:Učit ću,40,zukunft,saetze,Učit ću,Ich werde lernen,I will study,Öğreneceğim,Jag ska plugga,Ik zal leren,Jeg skal lære,Jeg skal lære,Je vais apprendre,web/audio/w0641.mp3
ich werde dich anrufen:Nazvat ću te,40,zukunft,saetze,Nazvat ću te,Ich werde dich anrufen,I will call you,Seni arayacağım,Jag ska ringa dig,Ik zal je bellen,Jeg skal ringe deg,Jeg ringer til dig,Je vais t'appeler,web/audio/w0642.mp3
wann wirst du kommen?:Kada ćeš doći?,40,zukunft,saetze,Kada ćeš doći?,Wann wirst du kommen?,When will you come?,Ne zaman geleceksin?,När ska du komma?,Wanneer zul je komen?,Når skal du komme?,Hvornår skal du komme?,Quand est-ce que tu viendras ?,web/audio/w0643.mp3
übermorgen:prekosutra,40,zukunft,saetze,prekosutra,übermorgen,the day after tomorrow,öbür gün,i övermorgon,overmorgen,i overmorgen,i overmorgen,après-demain,web/audio/w0644.mp3
nächste woche:sljedeće sedmice,40,zukunft,saetze,sljedeće sedmice,nächste Woche,next week,gelecek hafta,nästa vecka,volgende week,neste uke,i næste uge,la semaine prochaine,web/audio/w0645.mp3
nächstes jahr:sljedeće godine,40,zukunft,saetze,sljedeće godine,nächstes Jahr,next year,gelecek yıl,nästa år,volgend jaar,neste år,næste år,l'année prochaine,web/audio/w0646.mp3
bald:uskoro,40,zukunft,saetze,uskoro,bald,soon,yakında,snart,binnenkort,snart,snart,bientôt,web/audio/w0647.mp3
plan:plan,40,zukunft,saetze,plan,Plan,plan,plan,plan,plan,plan,plan,projet,web/audio/w0648.mp3
ich habe vor ...:Planiram ...,40,zukunft,saetze,Planiram ...,Ich habe vor ...,I am planning to ...,... planlıyorum,Jag planerar att ...,Ik ben van plan ...,Jeg planlegger å ...,Jeg planlægger at ...,J'ai l'intention de ...,web/audio/w0649.mp3
ich möchte reisen:Želim putovati,40,zukunft,saetze,Želim putovati,Ich möchte reisen,I want to travel,Seyahat etmek istiyorum,Jag vill resa,Ik wil reizen,Jeg vil reise,Jeg vil gerne rejse,Je veux voyager,web/audio/w0650.mp3
reise:putovanje,40,zukunft,saetze,putovanje,Reise,trip,seyahat,resa,reis,reise,rejse,voyage,web/audio/w0651.mp3
wir fahren nach bosnien:Idemo u Bosnu,40,zukunft,saetze,Idemo u Bosnu,Wir fahren nach Bosnien,We are going to Bosnia,Bosna'ya gidiyoruz,Vi åker till Bosnien,We gaan naar Bosnië,Vi drar til Bosnia,Vi tager til Bosnien,Nous allons en Bosnie,web/audio/w0652.mp3
ich werde es versuchen:Pokušat ću,40,zukunft,saetze,Pokušat ću,Ich werde es versuchen,I will try,Deneyeceğim,Jag ska försöka,Ik zal het proberen,Jeg skal prøve,Jeg skal prøve,Je vais essayer,web/audio/w0653.mp3
müssen:morati,41,modal,saetze,morati,müssen,to have to,zorunda olmak,måste,moeten,måtte,at skulle,devoir,web/audio/w0654.mp3
ich muss:moram,41,modal,saetze,moram,ich muss,I have to,-meliyim,jag måste,ik moet,jeg må,jeg er nødt til,je dois,web/audio/w0655.mp3
du musst:moraš,41,modal,saetze,moraš,du musst,you have to,-melisin,du måste,jij moet,du må,du er nødt til,tu dois,web/audio/w0656.mp3
wir müssen:moramo,41,modal,saetze,moramo,wir müssen,we have to,-meliyiz,vi måste,wij moeten,vi må,vi er nødt til,nous devons,web/audio/w0657.mp3
er / sie kann:može,41,modal,saetze,može,er / sie kann,he / she can,yapabilir,han / hon kan,hij / zij kan,han / hun kan,han / hun kan,il / elle peut,web/audio/w0658.mp3
wir können:možemo,41,modal,saetze,možemo,wir können,we can,yapabiliriz,vi kan,wij kunnen,vi kan,vi kan,nous pouvons,web/audio/w0659.mp3
du willst:hoćeš,41,modal,saetze,hoćeš,du willst,you want,istiyorsun,du vill,jij wilt,du vil,du vil,tu veux,web/audio/w0660.mp3
wir wollen:hoćemo,41,modal,saetze,hoćemo,wir wollen,we want,istiyoruz,vi vill,wij willen,vi vil,vi vil,nous voulons,web/audio/w0661.mp3
dürfen:smjeti,41,modal,saetze,smjeti,dürfen,to be allowed to,izinli olmak,få (ha lov),mogen,få lov til,at måtte,avoir le droit,web/audio/w0662.mp3
ich darf:smijem,41,modal,saetze,smijem,ich darf,I am allowed to,iznim var,jag får,ik mag,jeg får lov,jeg må,j'ai le droit,web/audio/w0663.mp3
ich sollte (m/w):trebao bih / trebala bih,41,modal,saetze,trebao bih / trebala bih,ich sollte (m/w),I should (m/f),-meliyim (e/k),jag borde (m/k),ik zou moeten (m/v),jeg burde (m/k),jeg burde (m/k),je devrais (m/f),web/audio/w2195.mp3
ich muss arbeiten:Moram raditi,41,modal,saetze,Moram raditi,Ich muss arbeiten,I have to work,Çalışmam gerek,Jag måste arbeta,Ik moet werken,Jeg må arbeide,Jeg er nødt til at arbejde,Je dois travailler,web/audio/w0665.mp3
ich muss gehen:Moram ići,41,modal,saetze,Moram ići,Ich muss gehen,I have to go,Gitmem gerek,Jag måste gå,Ik moet gaan,Jeg må gå,Jeg må gå,Je dois y aller,web/audio/w0666.mp3
ich kann nicht kommen:Ne mogu doći,41,modal,saetze,Ne mogu doći,Ich kann nicht kommen,I cannot come,Gelemem,Jag kan inte komma,Ik kan niet komen,Jeg kan ikke komme,Jeg kan ikke komme,Je ne peux pas venir,web/audio/w0667.mp3
kannst du mir helfen?:Možeš li mi pomoći?,41,modal,saetze,Možeš li mi pomoći?,Kannst du mir helfen?,Can you help me?,Bana yardım edebilir misin?,Kan du hjälpa mig?,Kun je me helpen?,Kan du hjelpe meg?,Kan du hjælpe mig?,Tu peux m'aider ?,web/audio/w0668.mp3
ich will schlafen:Hoću spavati,41,modal,saetze,Hoću spavati,Ich will schlafen,I want to sleep,Uyumak istiyorum,Jag vill sova,Ik wil slapen,Jeg vil sove,Jeg vil sove,Je veux dormir,web/audio/w0669.mp3
ich möchte lernen:Želim učiti,41,modal,saetze,Želim učiti,Ich möchte lernen,I want to study,Öğrenmek istiyorum,Jag vill plugga,Ik wil leren,Jeg vil lære,Jeg vil gerne lære,Je veux apprendre,web/audio/w0670.mp3
darf ich fragen?:Smijem li pitati?,41,modal,saetze,Smijem li pitati?,Darf ich fragen?,May I ask?,Sorabilir miyim?,Får jag fråga?,Mag ik iets vragen?,Får jeg spørre?,Må jeg spørge?,Je peux demander ?,web/audio/w0671.mp3
du musst nicht:Ne moraš,41,modal,saetze,Ne moraš,Du musst nicht,You do not have to,Zorunda değilsin,Du behöver inte,Je hoeft niet,Du trenger ikke,Du behøver ikke,Tu n'es pas obligé,web/audio/w0672.mp3
wir müssen warten:Moramo čekati,41,modal,saetze,Moramo čekati,Wir müssen warten,We have to wait,Beklememiz gerek,Vi måste vänta,We moeten wachten,Vi må vente,Vi må vente,Nous devons attendre,web/audio/w0673.mp3
warten:čekati,41,modal,saetze,čekati,warten,to wait,beklemek,vänta,wachten,vente,at vente,attendre,web/audio/w0674.mp3
ich möchte etwas essen:Želim nešto jesti,41,modal,saetze,Želim nešto jesti,Ich möchte etwas essen,I want to eat something,Bir şey yemek istiyorum,Jag vill äta något,Ik wil iets eten,Jeg vil spise noe,Jeg vil gerne spise noget,Je veux manger quelque chose,web/audio/w0675.mp3
etwas:nešto,41,modal,saetze,nešto,etwas,something,bir şey,något,iets,noe,noget,quelque chose,web/audio/w0676.mp3
ich kann bosnisch sprechen:Mogu govoriti bosanski,41,modal,saetze,Mogu govoriti bosanski,Ich kann Bosnisch sprechen,I can speak Bosnian,Boşnakça konuşabilirim,Jag kan tala bosniska,Ik kan Bosnisch spreken,Jeg kan snakke bosnisk,Jeg kan tale bosnisk,Je peux parler bosnien,web/audio/w0677.mp3
ich kann nicht schwimmen (fähigkeit):Ne znam plivati,41,modal,saetze,Ne znam plivati,Ich kann nicht schwimmen (Fähigkeit),I cannot swim (ability),Yüzme bilmiyorum (beceri),Jag kan inte simma (färdighet),Ik kan niet zwemmen (vaardigheid),Jeg kan ikke svømme (ferdighet),Jeg kan ikke svømme (færdighed),Je ne sais pas nager (savoir-faire),web/audio/w0678.mp3
schwimmen:plivati,41,modal,saetze,plivati,schwimmen,to swim,yüzmek,simma,zwemmen,svømme,at svømme,nager,web/audio/w0679.mp3
fragen:pitati,41,modal,saetze,pitati,fragen,to ask,sormak,fråga,vragen,spørre,at spørge,demander,web/audio/w0680.mp3
versuchen:pokušati,41,modal,saetze,pokušati,versuchen,to try,denemek,försöka,proberen,prøve,at prøve,essayer,web/audio/w0681.mp3
sich (reflexivpronomen):se,42,reflexiv,saetze,se,sich (Reflexivpronomen),oneself (reflexive pronoun),kendini (dönüşlü),sig (reflexivt pronomen),zich (wederkerend voornaamwoord),seg (refleksivt pronomen),sig (refleksivt stedord),se (pronom réfléchi),web/audio/w0682.mp3
sich nennen / heißen:zvati se,42,reflexiv,saetze,zvati se,sich nennen / heißen,to be called,adı olmak,heta,heten,hete,at hedde,s'appeler,web/audio/w0683.mp3
sich waschen:prati se,42,reflexiv,saetze,prati se,sich waschen,to wash oneself,yıkanmak,tvätta sig,zich wassen,vaske seg,at vaske sig,se laver,web/audio/w0684.mp3
ich wasche mich:Perem se,42,reflexiv,saetze,Perem se,Ich wasche mich,I wash myself,Yıkanıyorum,Jag tvättar mig,Ik was me,Jeg vasker meg,Jeg vasker mig,Je me lave,web/audio/w0685.mp3
sich freuen:radovati se,42,reflexiv,saetze,radovati se,sich freuen,to be glad,sevinmek,glädja sig,zich verheugen,glede seg,at glæde sig,se réjouir,web/audio/w0686.mp3
ich freue mich:Radujem se,42,reflexiv,saetze,Radujem se,Ich freue mich,I am glad,Seviniyorum,Jag gläder mig,Ik verheug me,Jeg gleder meg,Jeg glæder mig,Je me réjouis,web/audio/w0687.mp3
sich fühlen:osjećati se,42,reflexiv,saetze,osjećati se,sich fühlen,to feel,hissetmek,känna sig,zich voelen,føle seg,at føle sig,se sentir,web/audio/w0688.mp3
ich fühle mich gut:Osjećam se dobro,42,reflexiv,saetze,Osjećam se dobro,Ich fühle mich gut,I feel good,İyi hissediyorum,Jag mår bra,Ik voel me goed,Jeg har det bra,Jeg har det godt,Je me sens bien,web/audio/w0689.mp3
sich treffen:naći se,42,reflexiv,saetze,naći se,sich treffen,to meet,buluşmak,träffas,afspreken,møtes,at mødes,se retrouver,web/audio/w0690.mp3
wir treffen uns um fünf:Nalazimo se u pet,42,reflexiv,saetze,Nalazimo se u pet,Wir treffen uns um fünf,We are meeting at five,Beşte buluşuyoruz,Vi träffas klockan fem,We spreken om vijf uur af,Vi møtes klokka fem,Vi mødes klokken fem,On se retrouve à cinq heures,web/audio/w0691.mp3
sich erinnern:sjećati se,42,reflexiv,saetze,sjećati se,sich erinnern,to remember,hatırlamak,minnas,zich herinneren,huske,at huske,se souvenir,web/audio/w0692.mp3
ich erinnere mich:Sjećam se,42,reflexiv,saetze,Sjećam se,Ich erinnere mich,I remember,Hatırlıyorum,Jag minns,Ik herinner het me,Jeg husker det,Jeg husker det,Je m'en souviens,web/audio/w0693.mp3
sich setzen:sjesti,42,reflexiv,saetze,sjesti,sich setzen,to sit down,oturmak,sätta sig,gaan zitten,sette seg,at sætte sig,s'asseoir,web/audio/w0694.mp3
setz dich!:Sjedi!,42,reflexiv,saetze,Sjedi!,Setz dich!,Sit down!,Otur!,Sätt dig!,Ga zitten!,Sett deg!,Sæt dig!,Assieds-toi !,web/audio/w0695.mp3
sich ausruhen:odmarati se,42,reflexiv,saetze,odmarati se,sich ausruhen,to rest,dinlenmek,vila sig,uitrusten,hvile seg,at hvile sig,se reposer,web/audio/w0696.mp3
ich ruhe mich aus:Odmaram se,42,reflexiv,saetze,Odmaram se,Ich ruhe mich aus,I am resting,Dinleniyorum,Jag vilar,Ik rust uit,Jeg hviler,Jeg hviler mig,Je me repose,web/audio/w0697.mp3
sich anziehen:oblačiti se,42,reflexiv,saetze,oblačiti se,sich anziehen,to get dressed,giyinmek,klä på sig,zich aankleden,kle på seg,at klæde sig på,s'habiller,web/audio/w0698.mp3
sich beeilen:žuriti se,42,reflexiv,saetze,žuriti se,sich beeilen,to hurry,acele etmek,skynda sig,zich haasten,skynde seg,at skynde sig,se dépêcher,web/audio/w0699.mp3
beeil dich!:Požuri!,42,reflexiv,saetze,Požuri!,Beeil dich!,Hurry up!,Acele et!,Skynda dig!,Schiet op!,Skynd deg!,Skynd dig!,Dépêche-toi !,web/audio/w0700.mp3
sich verspäten:kasniti,42,reflexiv,saetze,kasniti,sich verspäten,to be late,geç kalmak,komma för sent,te laat komen,komme for sent,at komme for sent,être en retard,web/audio/w0701.mp3
ich komme zu spät:Kasnim,42,reflexiv,saetze,Kasnim,Ich komme zu spät,I am late,Geç kalıyorum,Jag kommer för sent,Ik kom te laat,Jeg kommer for sent,Jeg kommer for sent,Je suis en retard,web/audio/w0702.mp3
sich streiten:svađati se,42,reflexiv,saetze,svađati se,sich streiten,to argue,tartışmak,bråka,ruziemaken,krangle,at skændes,se disputer,web/audio/w0703.mp3
sich verlieben:zaljubiti se,42,reflexiv,saetze,zaljubiti se,sich verlieben,to fall in love,âşık olmak,bli kär,verliefd worden,bli forelsket,at blive forelsket,tomber amoureux,web/audio/w0704.mp3
ich habe mich verliebt (m/w):Zaljubio sam se / Zaljubila sam se,42,reflexiv,saetze,Zaljubio sam se / Zaljubila sam se,Ich habe mich verliebt (m/w),I have fallen in love (m/f),Âşık oldum (e/k),Jag har blivit kär (m/k),Ik ben verliefd geworden (m/v),Jeg har blitt forelsket (m/k),Jeg er blevet forelsket (m/k),Je suis tombé amoureux (m/f),web/audio/w2196.mp3
lachen:smijati se,42,reflexiv,saetze,smijati se,lachen,to laugh,gülmek,skratta,lachen,le,at grine,rire,web/audio/w0706.mp3
ich lache:Smijem se,42,reflexiv,saetze,Smijem se,Ich lache,I am laughing,Gülüyorum,Jag skrattar,Ik lach,Jeg ler,Jeg griner,Je ris,web/audio/w0707.mp3
spielen (kinder):igrati se,42,reflexiv,saetze,igrati se,spielen (Kinder),to play (children),oynamak (çocuklar),leka (barn),spelen (kinderen),leke (barn),at lege (børn),jouer (enfants),web/audio/w0708.mp3
die kinder spielen:Djeca se igraju,42,reflexiv,saetze,Djeca se igraju,Die Kinder spielen,The children are playing,Çocuklar oynuyor,Barnen leker,De kinderen spelen,Barna leker,Børnene leger,Les enfants jouent,web/audio/w0709.mp3
sich sorgen machen:brinuti se,42,reflexiv,saetze,brinuti se,sich Sorgen machen,to worry,endişelenmek,oroa sig,zich zorgen maken,bekymre seg,at bekymre sig,s'inquiéter,web/audio/w0710.mp3
aufstehen:ustajati,43,routine,saetze,ustajati,aufstehen,to get up,kalkmak,gå upp,opstaan,stå opp,at stå op,se lever,web/audio/w0711.mp3
ich stehe um sieben auf:Ustajem u sedam,43,routine,saetze,Ustajem u sedam,Ich stehe um sieben auf,I get up at seven,Yedide kalkıyorum,Jag går upp klockan sju,Ik sta om zeven uur op,Jeg står opp klokka sju,Jeg står op klokken syv,Je me lève à sept heures,web/audio/w0712.mp3
sich duschen:tuširati se,43,routine,saetze,tuširati se,sich duschen,to take a shower,duş almak,duscha,douchen,dusje,at gå i bad,se doucher,web/audio/w0713.mp3
ich dusche mich:Tuširam se,43,routine,saetze,Tuširam se,Ich dusche mich,I am taking a shower,Duş alıyorum,Jag duschar,Ik douche,Jeg dusjer,Jeg går i bad,Je me douche,web/audio/w0714.mp3
zähne putzen:prati zube,43,routine,saetze,prati zube,Zähne putzen,to brush one's teeth,diş fırçalamak,borsta tänderna,tanden poetsen,pusse tennene,at børste tænder,se brosser les dents,web/audio/w0715.mp3
frühstücken:doručkovati,43,routine,saetze,doručkovati,frühstücken,to have breakfast,kahvaltı yapmak,äta frukost,ontbijten,spise frokost,at spise morgenmad,prendre le petit-déjeuner,web/audio/w0716.mp3
ich frühstücke:Doručkujem,43,routine,saetze,Doručkujem,Ich frühstücke,I am having breakfast,Kahvaltı yapıyorum,Jag äter frukost,Ik ontbijt,Jeg spiser frokost,Jeg spiser morgenmad,Je prends le petit-déjeuner,web/audio/w0717.mp3
zur arbeit gehen:ići na posao,43,routine,saetze,ići na posao,zur Arbeit gehen,to go to work,işe gitmek,gå till jobbet,naar het werk gaan,gå på jobb,at tage på arbejde,aller au travail,web/audio/w0718.mp3
ich gehe zur arbeit:Idem na posao,43,routine,saetze,Idem na posao,Ich gehe zur Arbeit,I am going to work,İşe gidiyorum,Jag går till jobbet,Ik ga naar het werk,Jeg går på jobb,Jeg tager på arbejde,Je vais au travail,web/audio/w0719.mp3
zu mittag essen:ručati,43,routine,saetze,ručati,zu Mittag essen,to have lunch,öğle yemeği yemek,äta lunch,lunchen,spise lunsj,at spise frokost,prendre le déjeuner,web/audio/w0720.mp3
ich esse zu mittag:Ručam,43,routine,saetze,Ručam,Ich esse zu Mittag,I am having lunch,Öğle yemeği yiyorum,Jag äter lunch,Ik lunch,Jeg spiser lunsj,Jeg spiser frokost,Je déjeune,web/audio/w0721.mp3
nach hause kommen:doći kući,43,routine,saetze,doći kući,nach Hause kommen,to come home,eve gelmek,komma hem,thuiskomen,komme hjem,at komme hjem,rentrer à la maison,web/audio/w0722.mp3
ich komme nach hause:Dolazim kući,43,routine,saetze,Dolazim kući,Ich komme nach Hause,I am coming home,Eve geliyorum,Jag kommer hem,Ik kom thuis,Jeg kommer hjem,Jeg kommer hjem,Je rentre à la maison,web/audio/w0723.mp3
kochen:kuhati,43,routine,saetze,kuhati,kochen,to cook,yemek pişirmek,laga mat,koken,lage mat,at lave mad,cuisiner,web/audio/w0724.mp3
ich koche abendessen:Kuham večeru,43,routine,saetze,Kuham večeru,Ich koche Abendessen,I am cooking dinner,Akşam yemeği pişiriyorum,Jag lagar middag,Ik kook het avondeten,Jeg lager middag,Jeg laver aftensmad,Je prépare le dîner,web/audio/w0725.mp3
fernsehen:gledati televiziju,43,routine,saetze,gledati televiziju,fernsehen,to watch television,televizyon izlemek,titta på tv,televisiekijken,se på tv,at se fjernsyn,regarder la télévision,web/audio/w0726.mp3
schlafen gehen:ići spavati,43,routine,saetze,ići spavati,schlafen gehen,to go to sleep,uyumaya gitmek,gå och lägga sig,gaan slapen,legge seg,at gå i seng,aller se coucher,web/audio/w0727.mp3
ich gehe schlafen:Idem spavati,43,routine,saetze,Idem spavati,Ich gehe schlafen,I am going to sleep,Uyumaya gidiyorum,Jag går och lägger mig,Ik ga slapen,Jeg legger meg,Jeg går i seng,Je vais me coucher,web/audio/w0728.mp3
einkaufen gehen:ići u kupovinu,43,routine,saetze,ići u kupovinu,einkaufen gehen,to go shopping,alışverişe gitmek,gå och handla,boodschappen doen,gå og handle,at handle ind,faire les courses,web/audio/w0729.mp3
putzen:čistiti,43,routine,saetze,čistiti,putzen,to clean,temizlemek,städa,schoonmaken,vaske,at gøre rent,faire le ménage,web/audio/w0730.mp3
wäsche waschen:prati veš,43,routine,saetze,prati veš,Wäsche waschen,to do the laundry,çamaşır yıkamak,tvätta kläder,de was doen,vaske klær,at vaske tøj,faire la lessive,web/audio/w0731.mp3
früh:rano,43,routine,saetze,rano,früh,early,erken,tidigt,vroeg,tidlig,tidligt,tôt,web/audio/w0732.mp3
spät:kasno,43,routine,saetze,kasno,spät,late,geç,sent,laat,sent,sent,tard,web/audio/w0733.mp3
jeden tag:svaki dan,43,routine,saetze,svaki dan,jeden Tag,every day,her gün,varje dag,elke dag,hver dag,hver dag,chaque jour,web/audio/w0734.mp3
manchmal:ponekad,43,routine,saetze,ponekad,manchmal,sometimes,bazen,ibland,soms,noen ganger,nogle gange,parfois,web/audio/w0735.mp3
oft:često,43,routine,saetze,često,oft,often,sık sık,ofta,vaak,ofte,tit,souvent,web/audio/w0736.mp3
selten:rijetko,43,routine,saetze,rijetko,selten,rarely,nadiren,sällan,zelden,sjelden,sjældent,rarement,web/audio/w0737.mp3
am morgen:ujutro,43,routine,saetze,ujutro,am Morgen,in the morning,sabahleyin,på morgonen,'s ochtends,om morgenen,om morgenen,le matin,web/audio/w0738.mp3
am nachmittag:popodne,43,routine,saetze,popodne,am Nachmittag,in the afternoon,öğleden sonra,på eftermiddagen,'s middags,om ettermiddagen,om eftermiddagen,l'après-midi,web/audio/w0739.mp3
am abend:navečer,43,routine,saetze,navečer,am Abend,in the evening,akşamleyin,på kvällen,'s avonds,om kvelden,om aftenen,le soir,web/audio/w0740.mp3
am wochenende:vikendom,43,routine,saetze,vikendom,am Wochenende,on the weekend,hafta sonunda,på helgen,in het weekend,i helga,i weekenden,le week-end,web/audio/w0741.mp3
groß (m/w):velik / velika,44,adjektive,saetze,velik / velika,groß (m/w),big (m/f),büyük (e/k),stor (m/k),groot (m/v),stor (m/k),stor (m/k),grand (m/f),web/audio/w2197.mp3
größer:veći,44,adjektive,saetze,veći,größer,bigger,daha büyük,större,groter,større,større,plus grand,web/audio/w0742.mp3
am größten:najveći,44,adjektive,saetze,najveći,am größten,the biggest,en büyük,störst,het grootst,størst,størst,le plus grand,web/audio/w0743.mp3
klein (m/w):mali / mala,44,adjektive,saetze,mali / mala,klein (m/w),small (m/f),küçük (e/k),liten (m/k),klein (m/v),liten (m/k),lille (m/k),petit (m/f),web/audio/w2198.mp3
kleiner:manji,44,adjektive,saetze,manji,kleiner,smaller,daha küçük,mindre,kleiner,mindre,mindre,plus petit,web/audio/w0745.mp3
gut (m/w):dobar / dobra,44,adjektive,saetze,dobar / dobra,gut (m/w),good (m/f),iyi (e/k),bra (m/k),goed (m/v),god (m/k),god (m/k),bon (m/f),web/audio/w2199.mp3
besser:bolji,44,adjektive,saetze,bolji,besser,better,daha iyi,bättre,beter,bedre,bedre,meilleur,web/audio/w0746.mp3
am besten:najbolji,44,adjektive,saetze,najbolji,am besten,the best,en iyi,bäst,het best,best,bedst,le meilleur,web/audio/w0747.mp3
schlecht (m/w):loš / loša,44,adjektive,saetze,loš / loša,schlecht (m/w),bad (m/f),kötü (e/k),dålig (m/k),slecht (m/v),dårlig (m/k),dårlig (m/k),mauvais (m/f),web/audio/w2200.mp3
schlechter:gori,44,adjektive,saetze,gori,schlechter,worse,daha kötü,sämre,slechter,verre,værre,pire,web/audio/w0749.mp3
schön (m/w):lijep / lijepa,44,adjektive,saetze,lijep / lijepa,schön (m/w),beautiful (m/f),güzel (e/k),vacker (m/k),mooi (m/v),vakker (m/k),smuk (m/k),beau (m/f),web/audio/w2201.mp3
schöner:ljepši,44,adjektive,saetze,ljepši,schöner,more beautiful,daha güzel,vackrare,mooier,vakrere,smukkere,plus beau,web/audio/w0750.mp3
neu (m/w):nov / nova,44,adjektive,saetze,nov / nova,neu (m/w),new (m/f),yeni (e/k),ny (m/k),nieuw (m/v),ny (m/k),ny (m/k),nouveau (m/f),web/audio/w2202.mp3
alt (m/w):star / stara,44,adjektive,saetze,star / stara,alt (m/w),old (m/f),yaşlı / eski (e/k),gammal (m/k),oud (m/v),gammel (m/k),gammel (m/k),vieux (m/f),web/audio/w2203.mp3
älter:stariji,44,adjektive,saetze,stariji,älter,older,daha yaşlı,äldre,ouder,eldre,ældre,plus âgé,web/audio/w0752.mp3
jung (m/w):mlad / mlada,44,adjektive,saetze,mlad / mlada,jung (m/w),young (m/f),genç (e/k),ung (m/k),jong (m/v),ung (m/k),ung (m/k),jeune (m/f),web/audio/w2204.mp3
jünger:mlađi,44,adjektive,saetze,mlađi,jünger,younger,daha genç,yngre,jonger,yngre,yngre,plus jeune,web/audio/w0754.mp3
teuer (m/w/s):skup / skupa / skupo,44,adjektive,saetze,skup / skupa / skupo,teuer (m/w/s),expensive (m/f/n),pahalı (e/d/n),dyr (m/f/n),duur (m/v/o),dyr (m/f/n),dyr (h/hu/i),cher (m/f/n),web/audio/w2249.mp3
teurer:skuplji,44,adjektive,saetze,skuplji,teurer,more expensive,daha pahalı,dyrare,duurder,dyrere,dyrere,plus cher,web/audio/w0756.mp3
billiger:jeftiniji,44,adjektive,saetze,jeftiniji,billiger,cheaper,daha ucuz,billigare,goedkoper,billigere,billigere,moins cher,web/audio/w0757.mp3
schnell (m/w):brz / brza,44,adjektive,saetze,brz / brza,schnell (m/w),fast (m/f),hızlı (e/k),snabb (m/k),snel (m/v),rask (m/k),hurtig (m/k),rapide (m/f),web/audio/w2206.mp3
langsam (m/w):spor / spora,44,adjektive,saetze,spor / spora,langsam (m/w),slow (m/f),yavaş (e/k),långsam (m/k),langzaam (m/v),langsom (m/k),langsom (m/k),lent (m/f),web/audio/w2207.mp3
als (vergleich):nego / od,44,adjektive,saetze,nego / od,als (Vergleich),than (comparison),-den (karşılaştırma),än (vid jämförelse),dan (bij vergelijking),enn (ved sammenligning),end (ved sammenligning),que (comparaison),web/audio/w2208.mp3
sehr:jako,44,adjektive,saetze,jako,sehr,very,çok,mycket,heel,veldig,meget,très,web/audio/w0761.mp3
zu (zu groß):previše,44,adjektive,saetze,previše,zu (zu groß),too (too big),fazla (fazla büyük),för (för stor),te (te groot),for (for stor),for (for stor),trop (trop grand),web/audio/w0762.mp3
das ist besser als das:To je bolje nego to,44,adjektive,saetze,To je bolje nego to,Das ist besser als das,This is better than that,Bu ondan daha iyi,Det här är bättre än det där,Dit is beter dan dat,Dette er bedre enn det,Det her er bedre end det der,Ceci est meilleur que cela,web/audio/w0763.mp3
ein bruder:jedan brat,45,mengen,saetze,jedan brat,ein Bruder,one brother,bir erkek kardeş,en bror,één broer,én bror,én bror,un frère,web/audio/w0764.mp3
zwei brüder:dva brata,45,mengen,saetze,dva brata,zwei Brüder,two brothers,iki erkek kardeş,två bröder,twee broers,to brødre,to brødre,deux frères,web/audio/w0765.mp3
fünf brüder:pet braće,45,mengen,saetze,pet braće,fünf Brüder,five brothers,beş erkek kardeş,fem bröder,vijf broers,fem brødre,fem brødre,cinq frères,web/audio/w0766.mp3
eine schwester:jedna sestra,45,mengen,saetze,jedna sestra,eine Schwester,one sister,bir kız kardeş,en syster,één zus,én søster,én søster,une sœur,web/audio/w0767.mp3
zwei schwestern:dvije sestre,45,mengen,saetze,dvije sestre,zwei Schwestern,two sisters,iki kız kardeş,två systrar,twee zussen,to søstre,to søstre,deux sœurs,web/audio/w0768.mp3
fünf schwestern:pet sestara,45,mengen,saetze,pet sestara,fünf Schwestern,five sisters,beş kız kardeş,fem systrar,vijf zussen,fem søstre,fem søstre,cinq sœurs,web/audio/w0769.mp3
ein jahr:jedna godina,45,mengen,saetze,jedna godina,ein Jahr,one year,bir yıl,ett år,één jaar,ett år,ét år,un an,web/audio/w0770.mp3
zwei jahre:dvije godine,45,mengen,saetze,dvije godine,zwei Jahre,two years,iki yıl,två år,twee jaar,to år,to år,deux ans,web/audio/w0771.mp3
fünf jahre:pet godina,45,mengen,saetze,pet godina,fünf Jahre,five years,beş yıl,fem år,vijf jaar,fem år,fem år,cinq ans,web/audio/w0772.mp3
ein tag:jedan dan,45,mengen,saetze,jedan dan,ein Tag,one day,bir gün,en dag,één dag,én dag,én dag,un jour,web/audio/w0773.mp3
drei tage:tri dana,45,mengen,saetze,tri dana,drei Tage,three days,üç gün,tre dagar,drie dagen,tre dager,tre dage,trois jours,web/audio/w0774.mp3
zehn tage:deset dana,45,mengen,saetze,deset dana,zehn Tage,ten days,on gün,tio dagar,tien dagen,ti dager,ti dage,dix jours,web/audio/w0775.mp3
ein kaffee:jedna kahva,45,mengen,saetze,jedna kahva,ein Kaffee,one coffee,bir kahve,en kaffe,één koffie,én kaffe,én kaffe,un café,web/audio/w0776.mp3
zwei kaffee:dvije kahve,45,mengen,saetze,dvije kahve,zwei Kaffee,two coffees,iki kahve,två kaffe,twee koffie,to kaffe,to kaffe,deux cafés,web/audio/w0777.mp3
drei bier:tri piva,45,mengen,saetze,tri piva,drei Bier,three beers,üç bira,tre öl,drie bier,tre øl,tre øl,trois bières,web/audio/w0778.mp3
einige / ein paar:nekoliko,45,mengen,saetze,nekoliko,einige / ein paar,a few,birkaç,några,een paar,noen få,nogle få,quelques,web/audio/w0779.mp3
ein paar tage:nekoliko dana,45,mengen,saetze,nekoliko dana,ein paar Tage,a few days,birkaç gün,några dagar,een paar dagen,et par dager,et par dage,quelques jours,web/audio/w0780.mp3
die hälfte:pola,45,mengen,saetze,pola,die Hälfte,half,yarım,hälften,de helft,halvparten,halvdelen,la moitié,web/audio/w0781.mp3
ein halbes kilo:pola kilograma,45,mengen,saetze,pola kilograma,ein halbes Kilo,half a kilo,yarım kilo,ett halvt kilo,een half kilo,et halvt kilo,et halvt kilo,un demi-kilo,web/audio/w0782.mp3
ein viertel:četvrt,45,mengen,saetze,četvrt,ein Viertel,a quarter,çeyrek,en fjärdedel,een kwart,en fjerdedel,en fjerdedel,un quart,web/audio/w0783.mp3
der erste:prvi,45,mengen,saetze,prvi,der erste,the first,birinci,den första,de eerste,den første,den første,le premier,web/audio/w0784.mp3
der zweite:drugi,45,mengen,saetze,drugi,der zweite,the second,ikinci,den andra,de tweede,den andre,den anden,le deuxième,web/audio/w0785.mp3
der dritte:treći,45,mengen,saetze,treći,der dritte,the third,üçüncü,den tredje,de derde,den tredje,den tredje,le troisième,web/audio/w0786.mp3
der letzte:zadnji,45,mengen,saetze,zadnji,der letzte,the last,sonuncu,den sista,de laatste,den siste,den sidste,le dernier,web/audio/w0787.mp3
einmal:jednom,45,mengen,saetze,jednom,einmal,once,bir kez,en gång,één keer,én gang,én gang,une fois,web/audio/w0788.mp3
zweimal:dva puta,45,mengen,saetze,dva puta,zweimal,twice,iki kez,två gånger,twee keer,to ganger,to gange,deux fois,web/audio/w0789.mp3
zum ersten mal:prvi put,45,mengen,saetze,prvi put,zum ersten Mal,for the first time,ilk kez,för första gången,voor de eerste keer,for første gang,for første gang,pour la première fois,web/audio/w0790.mp3
beide:oboje,45,mengen,saetze,oboje,beide,both,ikisi de,båda,allebei,begge,begge,tous les deux,web/audio/w0791.mp3
alle:svi,45,mengen,saetze,svi,alle,all,hepsi,alla,allemaal,alle,alle,tous,web/audio/w0792.mp3
jeder:svaki,45,mengen,saetze,svaki,jeder,every,her,varje,elke,hver,hver,chaque,web/audio/w0793.mp3
kein / keine:nijedan / nijedna,45,mengen,saetze,nijedan / nijedna,kein / keine,no / none (m/f),hiçbir (e/d),ingen / inget,geen,ikke noen,ingen / ikke nogen,aucun / aucune,web/audio/w2209.mp3
meinung:mišljenje,46,gefuehle,saetze,mišljenje,Meinung,opinion,görüş,åsikt,mening,mening,mening,avis,web/audio/w0795.mp3
meiner meinung nach:Po mom mišljenju,46,gefuehle,saetze,Po mom mišljenju,Meiner Meinung nach,In my opinion,Bence,Enligt min åsikt,Naar mijn mening,Etter min mening,Efter min mening,À mon avis,web/audio/w0796.mp3
ich stimme zu:Slažem se,46,gefuehle,saetze,Slažem se,Ich stimme zu,I agree,Katılıyorum,Jag håller med,Ik ben het ermee eens,Jeg er enig,Jeg er enig,Je suis d'accord,web/audio/w0797.mp3
ich stimme nicht zu:Ne slažem se,46,gefuehle,saetze,Ne slažem se,Ich stimme nicht zu,I do not agree,Katılmıyorum,Jag håller inte med,Ik ben het er niet mee eens,Jeg er ikke enig,Jeg er ikke enig,Je ne suis pas d'accord,web/audio/w0798.mp3
ich bin sicher (m/w):Siguran sam / Sigurna sam,46,gefuehle,saetze,Siguran sam / Sigurna sam,Ich bin sicher (m/w),I am sure (m/f),Eminim (e/k),Jag är säker (m/k),Ik weet het zeker (m/v),Jeg er sikker (m/k),Jeg er sikker (m/k),J'en suis sûr (m/f),web/audio/w2210.mp3
das stimmt:To je tačno,46,gefuehle,saetze,To je tačno,Das stimmt,That is right,Bu doğru,Det stämmer,Dat klopt,Det stemmer,Det passer,C'est vrai,web/audio/w0800.mp3
das stimmt nicht:To nije tačno,46,gefuehle,saetze,To nije tačno,Das stimmt nicht,That is not right,Bu doğru değil,Det stämmer inte,Dat klopt niet,Det stemmer ikke,Det passer ikke,Ce n'est pas vrai,web/audio/w0801.mp3
wichtig:važno,46,gefuehle,saetze,važno,wichtig,important,önemli,viktigt,belangrijk,viktig,vigtigt,important,web/audio/w0802.mp3
mir ist es egal:Svejedno mi je,46,gefuehle,saetze,Svejedno mi je,Mir ist es egal,I do not mind,Benim için fark etmez,Det spelar ingen roll för mig,Het maakt mij niet uit,Det spiller ingen rolle for meg,Det er lige meget for mig,Ça m'est égal,web/audio/w0803.mp3
angst:strah,46,gefuehle,saetze,strah,Angst,fear,korku,rädsla,angst,frykt,frygt,peur,web/audio/w0804.mp3
ich habe angst:Bojim se,46,gefuehle,saetze,Bojim se,Ich habe Angst,I am afraid,Korkuyorum,Jag är rädd,Ik ben bang,Jeg er redd,Jeg er bange,J'ai peur,web/audio/w0805.mp3
wütend (m/w):ljut / ljuta,46,gefuehle,saetze,ljut / ljuta,wütend (m/w),angry (m/f),kızgın (e/k),arg (m/k),boos (m/v),sint (m/k),vred (m/k),en colère (m/f),web/audio/w2211.mp3
nervös (m/w):nervozan / nervozna,46,gefuehle,saetze,nervozan / nervozna,nervös (m/w),nervous (m/f),gergin (e/k),nervös (m/k),zenuwachtig (m/v),nervøs (m/k),nervøs (m/k),nerveux (m/f),web/audio/w2212.mp3
zufrieden (m/w):zadovoljan / zadovoljna,46,gefuehle,saetze,zadovoljan / zadovoljna,zufrieden (m/w),content (m/f),memnun (e/k),nöjd (m/k),tevreden (m/v),fornøyd (m/k),tilfreds (m/k),content (m/f),web/audio/w2213.mp3
überrascht (m/w):iznenađen / iznenađena,46,gefuehle,saetze,iznenađen / iznenađena,überrascht (m/w),surprised (m/f),şaşırmış (e/k),överraskad (m/k),verrast (m/v),overrasket (m/k),overrasket (m/k),surpris (m/f),web/audio/w2214.mp3
mir ist langweilig:Dosadno mi je,46,gefuehle,saetze,Dosadno mi je,Mir ist langweilig,I am bored,Canım sıkılıyor,Jag har tråkigt,Ik verveel me,Jeg kjeder meg,Jeg keder mig,Je m'ennuie,web/audio/w0810.mp3
einsam (m/w):usamljen / usamljena,46,gefuehle,saetze,usamljen / usamljena,einsam (m/w),lonely (m/f),yalnız (e/k),ensam (m/k),eenzaam (m/v),ensom (m/k),ensom (m/k),seul (m/f),web/audio/w2215.mp3
stolz (m/w):ponosan / ponosna,46,gefuehle,saetze,ponosan / ponosna,stolz (m/w),proud (m/f),gururlu (e/k),stolt (m/k),trots (m/v),stolt (m/k),stolt (m/k),fier (m/f),web/audio/w2216.mp3
ich bin stolz auf dich (m/w):Ponosan sam na tebe / Ponosna sam na tebe,46,gefuehle,saetze,Ponosan sam na tebe / Ponosna sam na tebe,Ich bin stolz auf dich (m/w),I am proud of you (m/f),Seninle gurur duyuyorum (e/k),Jag är stolt över dig (m/k),Ik ben trots op je (m/v),Jeg er stolt av deg (m/k),Jeg er stolt af dig (m/k),Je suis fier de toi (m/f),web/audio/w2217.mp3
hoffnung:nada,46,gefuehle,saetze,nada,Hoffnung,hope,umut,hopp,hoop,håp,håb,espoir,web/audio/w0814.mp3
hoffentlich:nadam se,46,gefuehle,saetze,nadam se,hoffentlich,hopefully,umarım,förhoppningsvis,hopelijk,forhåpentligvis,forhåbentlig,j'espère,web/audio/w0815.mp3
leider:nažalost,46,gefuehle,saetze,nažalost,leider,unfortunately,maalesef,tyvärr,helaas,dessverre,desværre,malheureusement,web/audio/w0816.mp3
zum glück:srećom,46,gefuehle,saetze,srećom,zum Glück,luckily,neyse ki,som tur är,gelukkig,heldigvis,heldigvis,heureusement,web/audio/w0817.mp3
ich mache mir sorgen:Brinem se,46,gefuehle,saetze,Brinem se,Ich mache mir Sorgen,I am worried,Endişeleniyorum,Jag är orolig,Ik maak me zorgen,Jeg er bekymret,Jeg er bekymret,Je m'inquiète,web/audio/w0818.mp3
ich freue mich für dich:Drago mi je zbog tebe,46,gefuehle,saetze,Drago mi je zbog tebe,Ich freue mich für dich,I am happy for you,Senin adına sevindim,Jag är glad för din skull,Ik ben blij voor je,Jeg er glad på dine vegne,Jeg er glad på dine vegne,Je suis content pour toi,web/audio/w0819.mp3
interessant:zanimljivo,46,gefuehle,saetze,zanimljivo,interessant,interesting,ilginç,intressant,interessant,interessant,interessant,intéressant,web/audio/w0820.mp3
langweilig:dosadno,46,gefuehle,saetze,dosadno,langweilig,boring,sıkıcı,tråkigt,saai,kjedelig,kedeligt,ennuyeux,web/audio/w0821.mp3
lustig:smiješno,46,gefuehle,saetze,smiješno,lustig,funny,komik,roligt,grappig,morsomt,sjovt,drôle,web/audio/w0822.mp3
schwierig:teško,46,gefuehle,saetze,teško,schwierig,difficult,zor,svårt,moeilijk,vanskelig,svært,difficile,web/audio/w0823.mp3
leicht / einfach:lako / lahko,46,gefuehle,saetze,lako / lahko,leicht / einfach,easy,kolay,lätt,makkelijk,lett,let,facile,web/audio/w2218.mp3
flughafen:aerodrom,47,reisen,saetze,aerodrom,Flughafen,airport,havalimanı,flygplats,vliegveld,flyplass,lufthavn,aéroport,web/audio/w0825.mp3
flug:let,47,reisen,saetze,let,Flug,flight,uçuş,flyg,vlucht,flyvning,flyvning,vol,web/audio/w0826.mp3
fahrkarte / ticket:karta,47,reisen,saetze,karta,Fahrkarte / Ticket,ticket,bilet,biljett,kaartje,billett,billet,billet,web/audio/w0827.mp3
hin- und rückfahrkarte:povratna karta,47,reisen,saetze,povratna karta,Hin- und Rückfahrkarte,round-trip ticket,gidiş dönüş bileti,tur och retur-biljett,retourtje,tur-retur-billett,returbillet,billet aller-retour,web/audio/w0828.mp3
abfahrt:polazak,47,reisen,saetze,polazak,Abfahrt,departure,kalkış,avgång,vertrek,avgang,afgang,départ,web/audio/w0829.mp3
ankunft:dolazak,47,reisen,saetze,dolazak,Ankunft,arrival,varış,ankomst,aankomst,ankomst,ankomst,arrivée,web/audio/w0830.mp3
verspätung:kašnjenje,47,reisen,saetze,kašnjenje,Verspätung,delay,gecikme,försening,vertraging,forsinkelse,forsinkelse,retard,web/audio/w0831.mp3
gepäck:prtljag,47,reisen,saetze,prtljag,Gepäck,luggage,bagaj,bagage,bagage,bagasje,bagage,bagages,web/audio/w0832.mp3
koffer:kofer,47,reisen,saetze,kofer,Koffer,suitcase,bavul,resväska,koffer,koffert,kuffert,valise,web/audio/w0833.mp3
hotel:hotel,47,reisen,saetze,hotel,Hotel,hotel,otel,hotell,hotel,hotell,hotel,hôtel,web/audio/w0834.mp3
ein zimmer reservieren:rezervisati sobu,47,reisen,saetze,rezervisati sobu,ein Zimmer reservieren,to book a room,oda ayırtmak,boka ett rum,een kamer boeken,bestille et rom,at bestille et værelse,réserver une chambre,web/audio/w0835.mp3
reservierung:rezervacija,47,reisen,saetze,rezervacija,Reservierung,reservation,rezervasyon,bokning,reservering,bestilling,bestilling,réservation,web/audio/w0836.mp3
busbahnhof:autobuska stanica,47,reisen,saetze,autobuska stanica,Busbahnhof,bus station,otogar,busstation,busstation,busstasjon,busstation,gare routière,web/audio/w0837.mp3
taxi:taksi,47,reisen,saetze,taksi,Taxi,taxi,taksi,taxi,taxi,drosje,taxa,taxi,web/audio/w0838.mp3
fahrer:vozač,47,reisen,saetze,vozač,Fahrer,driver,şoför,förare,chauffeur,sjåfør,chauffør,chauffeur,web/audio/w0839.mp3
tankstelle:benzinska pumpa,47,reisen,saetze,benzinska pumpa,Tankstelle,gas station,benzin istasyonu,bensinstation,tankstation,bensinstasjon,tankstation,station-service,web/audio/w0840.mp3
benzin:benzin,47,reisen,saetze,benzin,Benzin,gasoline,benzin,bensin,benzine,bensin,benzin,essence,web/audio/w0841.mp3
autobahn:autoput,47,reisen,saetze,autoput,Autobahn,highway,otoyol,motorväg,snelweg,motorvei,motorvej,autoroute,web/audio/w0842.mp3
landkarte:mapa,47,reisen,saetze,mapa,Landkarte,map,harita,karta,kaart,kart,kort,carte,web/audio/w0843.mp3
richtung:pravac,47,reisen,saetze,pravac,Richtung,direction,yön,riktning,richting,retning,retning,direction,web/audio/w0844.mp3
fahrt:vožnja,47,reisen,saetze,vožnja,Fahrt,ride,yolculuk,resa / färd,rit,kjøretur,køretur,trajet,web/audio/w0845.mp3
wie lange dauert die fahrt?:Koliko traje vožnja?,47,reisen,saetze,Koliko traje vožnja?,Wie lange dauert die Fahrt?,How long does the ride take?,Yolculuk ne kadar sürüyor?,Hur lång tid tar resan?,Hoe lang duurt de rit?,Hvor lang tid tar turen?,Hvor lang tid tager turen?,Combien de temps dure le trajet ?,web/audio/w0846.mp3
wann fährt der bus ab?:Kada polazi autobus?,47,reisen,saetze,Kada polazi autobus?,Wann fährt der Bus ab?,When does the bus leave?,Otobüs ne zaman kalkıyor?,När går bussen?,Wanneer vertrekt de bus?,Når går bussen?,Hvornår kører bussen?,Quand part le bus ?,web/audio/w0847.mp3
eingang:ulaz,47,reisen,saetze,ulaz,Eingang,entrance,giriş,ingång,ingang,inngang,indgang,entrée,web/audio/w0848.mp3
ausgang:izlaz,47,reisen,saetze,izlaz,Ausgang,exit,çıkış,utgång,uitgang,utgang,udgang,sortie,web/audio/w0849.mp3
sehenswürdigkeit:znamenitost,47,reisen,saetze,znamenitost,Sehenswürdigkeit,sight,görülecek yer,sevärdhet,bezienswaardigheid,severdighet,seværdighed,site à voir,web/audio/w0850.mp3
brücke:most,47,reisen,saetze,most,Brücke,bridge,köprü,bro,brug,bru,bro,pont,web/audio/w0851.mp3
altstadt:stari grad,47,reisen,saetze,stari grad,Altstadt,old town,eski şehir,gamla stan,oude stad,gamlebyen,den gamle bydel,vieille ville,web/audio/w0852.mp3
moschee:džamija,47,reisen,saetze,džamija,Moschee,mosque,cami,moské,moskee,moské,moské,mosquée,web/audio/w0853.mp3
kirche:crkva,47,reisen,saetze,crkva,Kirche,church,kilise,kyrka,kerk,kirke,kirke,église,web/audio/w0854.mp3
übernachten:prenoćiti,47,reisen,saetze,prenoćiti,übernachten,to stay overnight,gecelemek,övernatta,overnachten,overnatte,at overnatte,passer la nuit,web/audio/w0855.mp3
gute reise!:Sretan put!,47,reisen,saetze,Sretan put!,Gute Reise!,Have a good trip!,İyi yolculuklar!,Trevlig resa!,Goede reis!,God tur!,God tur!,Bon voyage !,web/audio/w0856.mp3
feier:proslava,48,feiern,saetze,proslava,Feier,celebration,kutlama,fest,feest,fest,fest,fête,web/audio/w0857.mp3
geburtstag:rođendan,48,feiern,saetze,rođendan,Geburtstag,birthday,doğum günü,födelsedag,verjaardag,bursdag,fødselsdag,anniversaire,web/audio/w0858.mp3
alles gute zum geburtstag!:Sretan rođendan!,48,feiern,saetze,Sretan rođendan!,Alles Gute zum Geburtstag!,Happy birthday!,İyi ki doğdun!,Grattis på födelsedagen!,Gefeliciteerd met je verjaardag!,Gratulerer med dagen!,Tillykke med fødselsdagen!,Joyeux anniversaire !,web/audio/w0859.mp3
hochzeit:svadba,48,feiern,saetze,svadba,Hochzeit,wedding,düğün,bröllop,bruiloft,bryllup,bryllup,mariage,web/audio/w0860.mp3
braut:mlada,48,feiern,saetze,mlada,Braut,bride,gelin,brud,bruid,brud,brud,mariée,web/audio/w0861.mp3
bräutigam:mladoženja,48,feiern,saetze,mladoženja,Bräutigam,groom,damat,brudgum,bruidegom,brudgom,brudgom,marié,web/audio/w0862.mp3
gast:gost,48,feiern,saetze,gost,Gast,guest,misafir,gäst,gast,gjest,gæst,invité,web/audio/w0863.mp3
gäste:gosti,48,feiern,saetze,gosti,Gäste,guests,misafirler,gäster,gasten,gjester,gæster,invités,web/audio/w0864.mp3
geschenk:poklon,48,feiern,saetze,poklon,Geschenk,present,hediye,present,cadeau,gave,gave,cadeau,web/audio/w0865.mp3
einladung:poziv,48,feiern,saetze,poziv,Einladung,invitation,davet,inbjudan,uitnodiging,invitasjon,invitation,invitation,web/audio/w0866.mp3
einladen:pozvati,48,feiern,saetze,pozvati,einladen,to invite,davet etmek,bjuda in,uitnodigen,invitere,at invitere,inviter,web/audio/w0867.mp3
bajram:Bajram,48,feiern,saetze,Bajram,Bajram,Bajram (Eid),Bayram,Bajram (Eid),Bajram (Eid),Bajram (Eid),Bajram (Eid),Bajram (Aïd),web/audio/w0868.mp3
gesegnetes bajram!:Bajram šerif mubarek olsun!,48,feiern,saetze,Bajram šerif mubarek olsun!,Gesegnetes Bajram!,Blessed Bajram!,Bayramınız mübarek olsun!,Välsignad Bajram!,Gezegende Bajram!,Velsignet Bajram!,Velsignet Bajram!,Bonne fête de Bajram !,web/audio/w0869.mp3
ramadan:Ramazan,48,feiern,saetze,Ramazan,Ramadan,Ramadan,Ramazan,Ramadan,Ramadan,Ramadan,Ramadan,Ramadan,web/audio/w0870.mp3
fasten:postiti,48,feiern,saetze,postiti,fasten,to fast,oruç tutmak,fasta,vasten,faste,at faste,jeûner,web/audio/w0871.mp3
neujahr:Nova godina,48,feiern,saetze,Nova godina,Neujahr,New Year,Yılbaşı,nyår,nieuwjaar,nyttår,nytår,Nouvel An,web/audio/w0872.mp3
frohes neues jahr!:Sretna Nova godina!,48,feiern,saetze,Sretna Nova godina!,Frohes neues Jahr!,Happy New Year!,Yeni yılınız kutlu olsun!,Gott nytt år!,Gelukkig nieuwjaar!,Godt nyttår!,Godt nytår!,Bonne année !,web/audio/w0873.mp3
weihnachten:Božić,48,feiern,saetze,Božić,Weihnachten,Christmas,Noel,jul,Kerstmis,jul,jul,Noël,web/audio/w0874.mp3
ostern:Uskrs,48,feiern,saetze,Uskrs,Ostern,Easter,Paskalya,påsk,Pasen,påske,påske,Pâques,web/audio/w0875.mp3
kuchen:kolač,48,feiern,saetze,kolač,Kuchen,cake,kek,kaka,cake,kake,kage,gâteau,web/audio/w0876.mp3
baklava:baklava,48,feiern,saetze,baklava,Baklava,baklava,baklava,baklava,baklava,baklava,baklava,baklava,web/audio/w0877.mp3
torte:torta,48,feiern,saetze,torta,Torte,layer cake,pasta,tårta,taart,bløtkake,lagkage,gâteau,web/audio/w0878.mp3
tanzen:plesati,48,feiern,saetze,plesati,tanzen,to dance,dans etmek,dansa,dansen,danse,at danse,danser,web/audio/w0879.mp3
singen:pjevati,48,feiern,saetze,pjevati,singen,to sing,şarkı söylemek,sjunga,zingen,synge,at synge,chanter,web/audio/w0880.mp3
lied:pjesma,48,feiern,saetze,pjesma,Lied,song,şarkı,sång,lied,sang,sang,chanson,web/audio/w0881.mp3
musik:muzika,48,feiern,saetze,muzika,Musik,music,müzik,musik,muziek,musikk,musik,musique,web/audio/w0882.mp3
tradition:tradicija,48,feiern,saetze,tradicija,Tradition,tradition,gelenek,tradition,traditie,tradisjon,tradition,tradition,web/audio/w0883.mp3
herzlichen glückwunsch!:Čestitam!,48,feiern,saetze,Čestitam!,Herzlichen Glückwunsch!,Congratulations!,Tebrikler!,Grattis!,Gefeliciteerd!,Gratulerer!,Tillykke!,Félicitations !,web/audio/w0884.mp3
"bitte, kommt herein!:Izvolite, uđite!",48,feiern,saetze,"Izvolite, uđite!","Bitte, kommt herein!","Please, come in!","Buyurun, girin!","Varsågoda, kom in!",Komt u binnen!,"Vær så god, kom inn!","Værsgo, kom indenfor!","Entrez, je vous en prie !",web/audio/w0885.mp3
kaffee servieren:poslužiti kahvu,48,feiern,saetze,poslužiti kahvu,Kaffee servieren,to serve coffee,kahve ikram etmek,servera kaffe,koffie serveren,servere kaffe,at servere kaffe,servir le café,web/audio/w0886.mp3
gastfreundschaft:gostoprimstvo,48,feiern,saetze,gostoprimstvo,Gastfreundschaft,hospitality,misafirperverlik,gästfrihet,gastvrijheid,gjestfrihet,gæstfrihed,hospitalité,web/audio/w0887.mp3
beerdigung:dženaza / sahrana,48,feiern,saetze,dženaza / sahrana,Beerdigung,funeral,cenaze töreni,begravning,begrafenis,begravelse,begravelse,enterrement,web/audio/w2219.mp3
brauch / sitte:običaj,48,feiern,saetze,običaj,Brauch / Sitte,custom / tradition,gelenek / âdet,sed / bruk,gebruik / gewoonte (traditie),skikk / tradisjon,skik / tradition,coutume / tradition,web/audio/w1800.mp3
feiern:slaviti,48,feiern,saetze,slaviti,feiern,to celebrate,kutlamak,fira,vieren,feire,fejre,fêter,web/audio/w1801.mp3
gratulieren:čestitati,48,feiern,saetze,čestitati,gratulieren,to congratulate,tebrik etmek,gratulera,feliciteren,gratulere,lykønske,féliciter,web/audio/w1802.mp3
tracht:narodna nošnja,48,feiern,saetze,narodna nošnja,Tracht,traditional costume,geleneksel halk kıyafeti,folkdräkt,klederdracht,folkedrakt,folkedragt,costume traditionnel,web/audio/w1803.mp3
arbeit:posao,49,arbeit,saetze,posao,Arbeit,work,iş,arbete,werk,arbeid,arbejde,travail,web/audio/w0888.mp3
firma:firma,49,arbeit,saetze,firma,Firma,company,şirket,företag,bedrijf,firma,firma,entreprise,web/audio/w0889.mp3
chef:šef,49,arbeit,saetze,šef,Chef,boss,patron,chef,baas,sjef,chef,patron,web/audio/w0890.mp3
kollege:kolega,49,arbeit,saetze,kolega,Kollege,colleague,iş arkadaşı,kollega,collega,kollega,kollega,collègue,web/audio/w0891.mp3
büro:kancelarija,49,arbeit,saetze,kancelarija,Büro,office,ofis,kontor,kantoor,kontor,kontor,bureau,web/audio/w0892.mp3
fabrik:fabrika,49,arbeit,saetze,fabrika,Fabrik,factory,fabrika,fabrik,fabriek,fabrikk,fabrik,usine,web/audio/w0893.mp3
maschine:mašina,49,arbeit,saetze,mašina,Maschine,machine,makine,maskin,machine,maskin,maskine,machine,web/audio/w0894.mp3
ingenieur:inženjer,49,arbeit,saetze,inženjer,Ingenieur,engineer,mühendis,ingenjör,ingenieur,ingeniør,ingeniør,ingénieur,web/audio/w0895.mp3
elektriker:električar,49,arbeit,saetze,električar,Elektriker,electrician,elektrikçi,elektriker,elektricien,elektriker,elektriker,électricien,web/audio/w0896.mp3
beruf:zanimanje,49,arbeit,saetze,zanimanje,Beruf,profession,meslek,yrke,beroep,yrke,erhverv,métier,web/audio/w0897.mp3
was bist du von beruf?:Šta si po zanimanju?,49,arbeit,saetze,Šta si po zanimanju?,Was bist du von Beruf?,What do you do for a living?,Mesleğin ne?,Vad jobbar du med?,Wat voor werk doe je?,Hva jobber du med?,Hvad arbejder du med?,Qu'est-ce que tu fais comme métier ?,web/audio/w0898.mp3
gehalt:plata,49,arbeit,saetze,plata,Gehalt,salary,maaş,lön,salaris,lønn,løn,salaire,web/audio/w0899.mp3
urlaub:godišnji odmor,49,arbeit,saetze,godišnji odmor,Urlaub,vacation,yıllık izin,semester,vakantie,ferie,ferie,congés,web/audio/w0900.mp3
schule:škola,49,arbeit,saetze,škola,Schule,school,okul,skola,school,skole,skole,école,web/audio/w0901.mp3
lehrer:nastavnik,49,arbeit,saetze,nastavnik,Lehrer,teacher,öğretmen,lärare,leraar,lærer,lærer,enseignant,web/audio/w0374.mp3
schüler:učenik,49,arbeit,saetze,učenik,Schüler,pupil,öğrenci,elev,leerling,elev,elev,élève,web/audio/w0902.mp3
student:student,49,arbeit,saetze,student,Student,student (university),üniversite öğrencisi,student,student,student,studerende,étudiant,web/audio/w0375.mp3
universität:univerzitet,49,arbeit,saetze,univerzitet,Universität,university,üniversite,universitet,universiteit,universitet,universitet,université,web/audio/w0903.mp3
prüfung:ispit,49,arbeit,saetze,ispit,Prüfung,exam,sınav,prov,examen,eksamen,eksamen,examen,web/audio/w0904.mp3
hausaufgabe:zadaća,49,arbeit,saetze,zadaća,Hausaufgabe,homework,ödev,läxa,huiswerk,lekse,lektie,devoirs,web/audio/w0905.mp3
buch:knjiga,49,arbeit,saetze,knjiga,Buch,book,kitap,bok,boek,bok,bog,livre,web/audio/w0906.mp3
stift:olovka,49,arbeit,saetze,olovka,Stift,pen,kalem,penna,pen,penn,pen,stylo,web/audio/w0907.mp3
papier:papir,49,arbeit,saetze,papir,Papier,paper,kâğıt,papper,papier,papir,papir,papier,web/audio/w0908.mp3
computer:računar,49,arbeit,saetze,računar,Computer,computer,bilgisayar,dator,computer,datamaskin,computer,ordinateur,web/audio/w0909.mp3
ich habe zwei brüder:Imam dva brata,50,saetze,saetze,Imam dva brata,Ich habe zwei Brüder,I have two brothers,İki erkek kardeşim var,Jag har två bröder,Ik heb twee broers,Jeg har to brødre,Jeg har to brødre,J'ai deux frères,web/audio/w0910.mp3
meine schwester ist fünf jahre alt:Moja sestra ima pet godina,50,saetze,saetze,Moja sestra ima pet godina,Meine Schwester ist fünf Jahre alt,My sister is five years old,Kız kardeşim beş yaşında,Min syster är fem år,Mijn zus is vijf jaar,Søsteren min er fem år,Min søster er fem år,Ma sœur a cinq ans,web/audio/w0911.mp3
wir essen um sieben uhr:Jedemo u sedam sati,50,saetze,saetze,Jedemo u sedam sati,Wir essen um sieben Uhr,We eat at seven o'clock,Saat yedide yemek yiyoruz,Vi äter klockan sju,We eten om zeven uur,Vi spiser klokka sju,Vi spiser klokken syv,Nous mangeons à sept heures,web/audio/w0912.mp3
am montag gehe ich zur arbeit:U ponedjeljak idem na posao,50,saetze,saetze,U ponedjeljak idem na posao,Am Montag gehe ich zur Arbeit,On Monday I go to work,Pazartesi işe gidiyorum,På måndag går jag till jobbet,Op maandag ga ik naar het werk,På mandag går jeg på jobb,Om mandagen tager jeg på arbejde,"Le lundi, je vais au travail",web/audio/w0913.mp3
der kaffee ist heiß:Kahva je vruća,50,saetze,saetze,Kahva je vruća,Der Kaffee ist heiß,The coffee is hot,Kahve sıcak,Kaffet är hett,De koffie is heet,Kaffen er varm,Kaffen er varm,Le café est chaud,web/audio/w0914.mp3
"ich trinke wasser, danke:Pijem vodu, hvala",50,saetze,saetze,"Pijem vodu, hvala","Ich trinke Wasser, danke","I am drinking water, thank you","Su içiyorum, teşekkürler","Jag dricker vatten, tack","Ik drink water, dank je","Jeg drikker vann, takk","Jeg drikker vand, tak","Je bois de l'eau, merci",web/audio/w0915.mp3
mein papa arbeitet im juli nicht:Moj babo ne radi u julu,50,saetze,saetze,Moj babo ne radi u julu,Mein Papa arbeitet im Juli nicht,My dad does not work in July,Babam temmuzda çalışmıyor,Min pappa arbetar inte i juli,Mijn papa werkt niet in juli,Pappaen min arbeider ikke i juli,Min far arbejder ikke i juli,Mon papa ne travaille pas en juillet,web/audio/w0916.mp3
wo ist die rote tasche?:Gdje je crvena torba?,50,saetze,saetze,Gdje je crvena torba?,Wo ist die rote Tasche?,Where is the red bag?,Kırmızı çanta nerede?,Var är den röda väskan?,Waar is de rode tas?,Hvor er den røde veska?,Hvor er den røde taske?,Où est le sac rouge ?,web/audio/w0917.mp3
wie viel kostet das brot?:Koliko košta hljeb?,50,saetze,saetze,Koliko košta hljeb?,Wie viel kostet das Brot?,How much does the bread cost?,Ekmek kaça?,Vad kostar brödet?,Hoeveel kost het brood?,Hva koster brødet?,Hvad koster brødet?,Combien coûte le pain ?,web/audio/w0918.mp3
heute ist es kalt und es regnet:Danas je hladno i pada kiša,50,saetze,saetze,Danas je hladno i pada kiša,Heute ist es kalt und es regnet,Today it is cold and it is raining,Bugün hava soğuk ve yağmur yağıyor,I dag är det kallt och det regnar,Vandaag is het koud en het regent,I dag er det kaldt og det regner,"I dag er det koldt, og det regner",Aujourd'hui il fait froid et il pleut,web/audio/w0919.mp3
ich verstehe ein bisschen bosnisch:Razumijem malo bosanski,50,saetze,saetze,Razumijem malo bosanski,Ich verstehe ein bisschen Bosnisch,I understand a little Bosnian,Biraz Boşnakça anlıyorum,Jag förstår lite bosniska,Ik begrijp een beetje Bosnisch,Jeg forstår litt bosnisk,Jeg forstår lidt bosnisk,Je comprends un peu le bosnien,web/audio/w0920.mp3
wir sehen uns am samstag:Vidimo se u subotu,50,saetze,saetze,Vidimo se u subotu,Wir sehen uns am Samstag,See you on Saturday,Cumartesi görüşürüz,Vi ses på lördag,We zien elkaar op zaterdag,Vi ses på lørdag,Vi ses på lørdag,On se voit samedi,web/audio/w0921.mp3
"ich möchte drei äpfel, bitte:Htjela bih tri jabuke, molim",50,saetze,saetze,"Htjela bih tri jabuke, molim","Ich möchte drei Äpfel, bitte","I would like three apples, please","Üç elma istiyorum, lütfen","Jag skulle vilja ha tre äpplen, tack","Ik wil graag drie appels, alstublieft","Jeg vil gjerne ha tre epler, takk","Jeg vil gerne have tre æbler, tak","Je voudrais trois pommes, s'il vous plaît",web/audio/w0922.mp3
meine oma wohnt im dorf:Moja nana stanuje u selu,50,saetze,saetze,Moja nana stanuje u selu,Meine Oma wohnt im Dorf,My grandma lives in the village,Ninem köyde oturuyor,Min mormor bor i byn,Mijn oma woont in het dorp,Bestemoren min bor i landsbyen,Min bedstemor bor i landsbyen,Ma grand-mère habite au village,web/audio/w0923.mp3
ich lerne jeden tag bosnisch:Učim bosanski svaki dan,50,saetze,saetze,Učim bosanski svaki dan,Ich lerne jeden Tag Bosnisch,I study Bosnian every day,Her gün Boşnakça öğreniyorum,Jag pluggar bosniska varje dag,Ik leer elke dag Bosnisch,Jeg lærer bosnisk hver dag,Jeg lærer bosnisk hver dag,J'apprends le bosnien chaque jour,web/audio/w0924.mp3
der bus kommt um zehn:Autobus dolazi u deset,50,saetze,saetze,Autobus dolazi u deset,Der Bus kommt um zehn,The bus comes at ten,Otobüs onda geliyor,Bussen kommer klockan tio,De bus komt om tien uur,Bussen kommer klokka ti,Bussen kommer klokken ti,Le bus arrive à dix heures,web/audio/w0925.mp3
ich habe kopfschmerzen und fieber:Imam glavobolju i temperaturu,50,saetze,saetze,Imam glavobolju i temperaturu,Ich habe Kopfschmerzen und Fieber,I have a headache and a fever,Başım ağrıyor ve ateşim var,Jag har huvudvärk och feber,Ik heb hoofdpijn en koorts,Jeg har hodepine og feber,Jeg har hovedpine og feber,J'ai mal à la tête et de la fièvre,web/audio/w0926.mp3
das wasser im see ist blau:Voda u jezeru je plava,50,saetze,saetze,Voda u jezeru je plava,Das Wasser im See ist blau,The water in the lake is blue,Göldeki su mavi,Vattnet i sjön är blått,Het water in het meer is blauw,Vannet i innsjøen er blått,Vandet i søen er blåt,L'eau du lac est bleue,web/audio/w0927.mp3
"ich denke, dass meine schwester zu hause ist:Mislim da je moja sestra kod kuće",50,saetze,saetze,Mislim da je moja sestra kod kuće,"Ich denke, dass meine Schwester zu Hause ist",I think that my sister is at home,Kız kardeşimin evde olduğunu düşünüyorum,Jag tror att min syster är hemma,Ik denk dat mijn zus thuis is,Jeg tror at søsteren min er hjemme,"Jeg tror, at min søster er hjemme",Je pense que ma sœur est à la maison,web/audio/w0928.mp3
"ich weiß nicht, wann der bus kommt:Ne znam kada dolazi autobus",50,saetze,saetze,Ne znam kada dolazi autobus,"Ich weiß nicht, wann der Bus kommt",I do not know when the bus comes,Otobüsün ne zaman geleceğini bilmiyorum,Jag vet inte när bussen kommer,Ik weet niet wanneer de bus komt,Jeg vet ikke når bussen kommer,"Jeg ved ikke, hvornår bussen kommer",Je ne sais pas quand le bus arrive,web/audio/w0929.mp3
"wenn es regnet, bleibe ich zu hause:Ako pada kiša, ostajem kod kuće",50,saetze,saetze,"Ako pada kiša, ostajem kod kuće","Wenn es regnet, bleibe ich zu Hause","If it rains, I stay at home",Yağmur yağarsa evde kalıyorum,Om det regnar stannar jag hemma,Als het regent blijf ik thuis,"Hvis det regner, blir jeg hjemme","Hvis det regner, bliver jeg hjemme","S'il pleut, je reste à la maison",web/audio/w0930.mp3
gestern habe ich brot und milch gekauft (frau):Jučer sam kupila hljeb i mlijeko,50,saetze,saetze,Jučer sam kupila hljeb i mlijeko,Gestern habe ich Brot und Milch gekauft (Frau),Yesterday I bought bread and milk (female speaker),Dün ekmek ve süt aldım (kadın),I går köpte jag bröd och mjölk (kvinna),Gisteren heb ik brood en melk gekocht (vrouw),I går kjøpte jeg brød og melk (kvinne),I går købte jeg brød og mælk (kvinde),Hier j'ai acheté du pain et du lait (femme),web/audio/w0931.mp3
nächstes jahr werden wir ein haus kaufen:Sljedeće godine ćemo kupiti kuću,50,saetze,saetze,Sljedeće godine ćemo kupiti kuću,Nächstes Jahr werden wir ein Haus kaufen,Next year we will buy a house,Gelecek yıl bir ev alacağız,Nästa år ska vi köpa ett hus,Volgend jaar gaan we een huis kopen,Neste år skal vi kjøpe et hus,Næste år køber vi et hus,"L'année prochaine, nous allons acheter une maison",web/audio/w0932.mp3
"mein bruder ist älter als ich, aber kleiner:Moj brat je stariji od mene, ali manji",50,saetze,saetze,"Moj brat je stariji od mene, ali manji","Mein Bruder ist älter als ich, aber kleiner","My brother is older than me, but shorter",Erkek kardeşim benden büyük ama daha kısa,"Min bror är äldre än jag, men kortare","Mijn broer is ouder dan ik, maar kleiner","Broren min er eldre enn meg, men lavere","Min bror er ældre end mig, men lavere","Mon frère est plus âgé que moi, mais plus petit",web/audio/w0933.mp3
angebot:akcija,51,einkauf_orte,einkauf,akcija,Angebot,special offer,kampanya (indirim),erbjudande (extrapris),aanbieding,tilbud,tilbud,promotion,web/audio/w1804.mp3
frisch:svježe,51,einkauf_orte,einkauf,svježe,frisch,fresh,taze,färskt,vers,ferskt,friskt,frais,web/audio/w1805.mp3
haltbarkeitsdatum:rok trajanja,51,einkauf_orte,einkauf,rok trajanja,Haltbarkeitsdatum,expiration date,son kullanma tarihi,bäst före-datum,houdbaarheidsdatum,holdbarhetsdato,holdbarhedsdato,date de péremption,web/audio/w1806.mp3
hausgemacht:domaće,51,einkauf_orte,einkauf,domaće,hausgemacht,homemade,ev yapımı,hemlagat,zelfgemaakt,hjemmelaget,hjemmelavet,fait maison,web/audio/w1807.mp3
marktstand:tezga,51,einkauf_orte,einkauf,tezga,Marktstand,market stall,pazar tezgâhı,marknadsstånd,marktkraam,markedsbod,bod (på markedet),étal (au marché),web/audio/w1808.mp3
metzger:mesar,51,einkauf_orte,einkauf,mesar,Metzger,butcher,kasap,slaktare,slager,slakter,slagter,boucher,web/audio/w1809.mp3
metzgerei:mesnica,51,einkauf_orte,einkauf,mesnica,Metzgerei,butcher shop,kasap dükkânı,köttaffär,slagerij,slakterbutikk,slagterforretning,boucherie,web/audio/w1810.mp3
preisnachlass:sniženje,51,einkauf_orte,einkauf,sniženje,Preisnachlass,price reduction,fiyat indirimi,prisnedsättning (rabatt),prijsverlaging,prisavslag,rabat (nedsat pris),réduction (de prix),web/audio/w1811.mp3
supermarkt:supermarket,51,einkauf_orte,einkauf,supermarket,Supermarkt,supermarket,süpermarket,matbutik (supermarket),supermarkt,supermarked,supermarked,supermarché,web/audio/w1812.mp3
verkäufer:prodavač,51,einkauf_orte,einkauf,prodavač,Verkäufer,seller,satıcı,säljare,verkoper,selger,sælger,vendeur,web/audio/w0377.mp3
verkäuferin:prodavačica,51,einkauf_orte,einkauf,prodavačica,Verkäuferin,saleswoman,satıcı (kadın),expedit (kvinna),verkoopster,butikkselger (kvinne),ekspeditrice,vendeuse,web/audio/w1813.mp3
bezahlen:platiti,51,einkauf_orte,einkauf,platiti,bezahlen,to pay,ödemek,betala,betalen,betale,betale,payer,web/audio/w1814.mp3
fening (1/100 mark):fening,51,einkauf_orte,einkauf,fening,Fening (1/100 Mark),fening (1/100 of a mark),fening (markın 1/100'ü),fening (1/100 mark),fening (1/100 mark),fening (1/100 mark),fening (1/100 mark),fening (1/100 de mark),web/audio/w1815.mp3
kassenbon / quittung:fiskalni račun,51,einkauf_orte,einkauf,fiskalni račun,Kassenbon / Quittung,receipt,fiş / makbuz,kassakvitto / kvitto,kassabon / kwitantie,kassalapp / kvittering,kassebon / kvittering,ticket de caisse / reçu,web/audio/w1816.mp3
kleingeld:sitno,51,einkauf_orte,einkauf,sitno,Kleingeld,small change,bozuk para,småpengar,kleingeld,småpenger,småpenge,petite monnaie,web/audio/w1817.mp3
"mark (km, die währung im alltag):marka",51,einkauf_orte,einkauf,marka,"Mark (KM, die Währung im Alltag)","mark (KM, the everyday currency)","marka (KM, günlük hayattaki para birimi)","mark (KM, valutan i vardagen)","mark (KM, de munt in het dagelijks leven)","mark (KM, valutaen i hverdagen)","mark (KM, valutaen i hverdagen)","mark (KM, la monnaie du quotidien)",web/audio/w1818.mp3
stromrechnung:račun za struju,51,einkauf_orte,einkauf,račun za struju,Stromrechnung,electricity bill,elektrik faturası,elräkning,elektriciteitsrekening,strømregning,elregning,facture d'électricité,web/audio/w1819.mp3
trinkgeld:bakšiš,51,einkauf_orte,einkauf,bakšiš,Trinkgeld,tip,bahşiş,dricks,fooi,driks,drikkepenge,pourboire,web/audio/w1820.mp3
wechselgeld / rückgeld:kusur,51,einkauf_orte,einkauf,kusur,Wechselgeld / Rückgeld,change (money returned),para üstü,växel / växelpengar,wisselgeld,vekslepenger,byttepenge,monnaie (argent rendu),web/audio/w1821.mp3
banja luka:Banja Luka,51,einkauf_orte,einkauf,Banja Luka,Banja Luka,Banja Luka,Banja Luka,Banja Luka,Banja Luka,Banja Luka,Banja Luka,Banja Luka,web/audio/w1822.mp3
bihać:Bihać,51,einkauf_orte,einkauf,Bihać,Bihać,Bihać,Bihać,Bihać,Bihać,Bihać,Bihać,Bihać,web/audio/w1823.mp3
hauptstadt:glavni grad,51,einkauf_orte,einkauf,glavni grad,Hauptstadt,capital city,başkent,huvudstad,hoofdstad,hovedstad,hovedstad,capitale,web/audio/w1824.mp3
ich fahre nach mostar:Idem u Mostar,51,einkauf_orte,einkauf,Idem u Mostar,Ich fahre nach Mostar,I am going to Mostar,Mostar'a gidiyorum,Jag åker till Mostar,Ik ga naar Mostar,Jeg drar til Mostar,Jeg tager til Mostar,Je vais à Mostar,web/audio/w1825.mp3
ich wohne in sarajevo:Živim u Sarajevu,51,einkauf_orte,einkauf,Živim u Sarajevu,Ich wohne in Sarajevo,I live in Sarajevo,Saraybosna'da oturuyorum,Jag bor i Sarajevo,Ik woon in Sarajevo,Jeg bor i Sarajevo,Jeg bor i Sarajevo,J'habite à Sarajevo,web/audio/w1826.mp3
mostar:Mostar,51,einkauf_orte,einkauf,Mostar,Mostar,Mostar,Mostar,Mostar,Mostar,Mostar,Mostar,Mostar,web/audio/w1827.mp3
sarajevo:Sarajevo,51,einkauf_orte,einkauf,Sarajevo,Sarajevo,Sarajevo,Saraybosna,Sarajevo,Sarajevo,Sarajevo,Sarajevo,Sarajevo,web/audio/w1356.mp3
tuzla:Tuzla,51,einkauf_orte,einkauf,Tuzla,Tuzla,Tuzla,Tuzla,Tuzla,Tuzla,Tuzla,Tuzla,Tuzla,web/audio/w1828.mp3
zenica:Zenica,51,einkauf_orte,einkauf,Zenica,Zenica,Zenica,Zenica,Zenica,Zenica,Zenica,Zenica,Zenica,web/audio/w1829.mp3
café:kafić,52,resto1,einkauf,kafić,Café,café,kafe,kafé,café,kafé,café,café (établissement),web/audio/w1830.mp3
"die karte, bitte:Jelovnik, molim",52,resto1,einkauf,"Jelovnik, molim","Die Karte, bitte","The menu, please","Menü, lütfen","Menyn, tack","De menukaart, alstublieft","Menyen, takk","Menukortet, tak","La carte, s'il vous plaît",web/audio/w1831.mp3
draußen:vani,52,resto1,einkauf,vani,draußen,outside,dışarıda,ute,buiten,ute,udenfor,dehors,web/audio/w1832.mp3
drinnen:unutra,52,resto1,einkauf,unutra,drinnen,inside,içeride,inne,binnen,inne,indenfor,à l'intérieur,web/audio/w1833.mp3
"einen tisch für zwei, bitte:Sto za dvoje, molim",52,resto1,einkauf,"Sto za dvoje, molim","Einen Tisch für zwei, bitte","A table for two, please","İki kişilik bir masa, lütfen","Ett bord för två, tack","Een tafel voor twee, alstublieft","Et bord for to, takk","Et bord til to, tak","Une table pour deux, s'il vous plaît",web/audio/w1834.mp3
grilllokal:ćevabdžinica,52,resto1,einkauf,ćevabdžinica,Grilllokal,grill restaurant,ızgara lokantası (kebapçı),grillrestaurang,grillrestaurant,grillrestaurant,grillrestaurant,restaurant de grillades,web/audio/w1835.mp3
ist dieser tisch frei?:Je li ovaj sto slobodan?,52,resto1,einkauf,Je li ovaj sto slobodan?,Ist dieser Tisch frei?,Is this table free?,Bu masa boş mu?,Är det här bordet ledigt?,Is deze tafel vrij?,Er dette bordet ledig?,Er dette bord ledigt?,Cette table est libre ?,web/audio/w1836.mp3
konditorei:slastičarna,52,resto1,einkauf,slastičarna,Konditorei,pastry shop,pastane,konditori,banketbakkerij,konditori,konditori,pâtisserie,web/audio/w1837.mp3
terrasse:terasa,52,resto1,einkauf,terasa,Terrasse,terrace,teras,terrass,terras,terrasse,terrasse,terrasse,web/audio/w1838.mp3
traditionelles speiselokal:aščinica,52,resto1,einkauf,aščinica,traditionelles Speiselokal,traditional eatery,geleneksel esnaf lokantası,traditionell matservering,traditioneel eethuis,tradisjonelt spisested,traditionelt spisested,restaurant traditionnel,web/audio/w1839.mp3
beilage:prilog,52,resto1,einkauf,prilog,Beilage,side dish,garnitür (yan yemek),tillbehör,bijgerecht,tilbehør,tilbehør,accompagnement,web/audio/w1840.mp3
bestellen:naručiti,52,resto1,einkauf,naručiti,bestellen,to order,sipariş vermek,beställa,bestellen,bestille,bestille,commander,web/audio/w1841.mp3
das ist alles:To je sve,52,resto1,einkauf,To je sve,Das ist alles,That is all,Hepsi bu kadar,Det är allt,Dat is alles,Det er alt,Det er alt,C'est tout,web/audio/w1842.mp3
dicke suppe:čorba,52,resto1,einkauf,čorba,dicke Suppe,thick soup,koyu çorba,tjock soppa,dikke soep,tykk suppe,tyk suppe,soupe épaisse,web/audio/w1843.mp3
eine runde noch:Još jednu turu,52,resto1,einkauf,Još jednu turu,Eine Runde noch,One more round,Bir tur daha,En runda till,Nog een rondje,En runde til,En omgang mere,Encore une tournée,web/audio/w1844.mp3
für mich bitte …:Za mene …,52,resto1,einkauf,Za mene …,Für mich bitte …,"For me, please …",Bana lütfen …,"För mig, tack …",Voor mij graag …,"For meg …, takk","For mig, tak …","Pour moi, s'il vous plaît …",web/audio/w1845.mp3
geht ein kaffee?:Može li jedna kahva?,52,resto1,einkauf,Može li jedna kahva?,Geht ein Kaffee?,Can we have a coffee?,Bir kahve olur mu?,Kan jag få ett kaffe?,"Eén koffie, kan dat?",Kan jeg få en kaffe?,Kan vi få en kaffe?,"Un café, c'est possible ?",web/audio/w1846.mp3
hauptgericht:glavno jelo,52,resto1,einkauf,glavno jelo,Hauptgericht,main course,ana yemek,huvudrätt,hoofdgerecht,hovedrett,hovedret,plat principal,web/audio/w1847.mp3
ich hätte gern …:Ja bih …,52,resto1,einkauf,Ja bih …,Ich hätte gern …,I would like …,… istiyorum,Jag skulle vilja ha …,Ik wil graag …,Jeg vil gjerne ha …,Jeg vil gerne have …,Je voudrais …,web/audio/w1848.mp3
"ja, danke:Može, hvala",52,resto1,einkauf,"Može, hvala","Ja, danke","Yes, thank you","Evet, teşekkürler","Ja, tack","Ja, dank je","Ja, takk",Ja tak,"Oui, merci",web/audio/w1849.mp3
mit …:sa …,52,resto1,einkauf,sa …,mit …,with …,… ile,med …,met …,med …,med …,avec …,web/audio/w1850.mp3
nachtisch:desert,52,resto1,einkauf,desert,Nachtisch,dessert,tatlı,efterrätt,nagerecht,dessert,dessert,dessert,web/audio/w1851.mp3
"noch einmal dasselbe:Još jedno isto, molim",52,resto1,einkauf,"Još jedno isto, molim",Noch einmal dasselbe,The same again,Aynısından bir daha,Samma en gång till,Nog een keer hetzelfde,Det samme en gang til,Det samme en gang mere,Encore la même chose,web/audio/w1852.mp3
noch etwas? (kellner):Još nešto?,52,resto1,einkauf,Još nešto?,Noch etwas? (Kellner),Anything else? (waiter),Başka bir şey? (garson),Något mer? (kyparen),Nog iets? (ober),Noe mer? (kelner),Var der andet? (tjener),Autre chose ? (le serveur),web/audio/w1853.mp3
ohne …:bez …,52,resto1,einkauf,bez …,ohne …,without …,… olmadan,utan …,zonder …,uten …,uden …,sans …,web/audio/w1854.mp3
vorspeise:predjelo,52,resto1,einkauf,predjelo,Vorspeise,appetizer,başlangıç (meze),förrätt,voorgerecht,forrett,forret,hors-d'œuvre,web/audio/w1855.mp3
was empfehlen sie?:Šta preporučujete?,52,resto1,einkauf,Šta preporučujete?,Was empfehlen Sie?,What do you recommend?,Ne tavsiye edersiniz?,Vad rekommenderar ni?,Wat raadt u aan?,Hva anbefaler du?,Hvad anbefaler du?,Que recommandez-vous ?,web/audio/w1856.mp3
das habe ich nicht bestellt:Ovo nisam naručio,53,resto2,einkauf,Ovo nisam naručio,Das habe ich nicht bestellt,I did not order this,Bunu ben sipariş etmedim,Det har jag inte beställt,Dit heb ik niet besteld,Dette har jeg ikke bestilt,Det har jeg ikke bestilt,Je n'ai pas commandé ça,web/audio/w1857.mp3
es hat mir geschmeckt:Prijalo mi je,53,resto2,einkauf,Prijalo mi je,Es hat mir geschmeckt,I enjoyed it,Çok beğendim,Det smakade gott,Het heeft me goed gesmaakt,Det smakte godt,Det smagte godt,Ça m'a plu,web/audio/w1858.mp3
es ist fein:Fino je,53,resto2,einkauf,Fino je,Es ist fein,It is nice,Çok güzel,Det är fint,Het is lekker,Det er fint,Det er fint,C'est bon,web/audio/w1859.mp3
es schmeckt gut:Ukusno je,53,resto2,einkauf,Ukusno je,Es schmeckt gut,It tastes good,Çok lezzetli,Det smakar gott,Het smaakt goed,Det smaker godt,Det smager godt,C'est délicieux,web/audio/w1860.mp3
ich bin satt (m):Sit sam,53,resto2,einkauf,Sit sam,Ich bin satt (m),I am full (m),Doydum (erkek),Jag är mätt (m),Ik zit vol (m),Jeg er mett (m),Jeg er mæt (m),Je suis rassasié (m),web/audio/w1861.mp3
ich bin satt (w):Sita sam,53,resto2,einkauf,Sita sam,Ich bin satt (w),I am full (f),Doydum (kadın),Jag är mätt (k),Ik zit vol (v),Jeg er mett (k),Jeg er mæt (k),Je suis rassasiée (f),web/audio/w1862.mp3
salzig:slano,53,resto2,einkauf,slano,salzig,salty,tuzlu,salt,zout,salt,salt,salé,web/audio/w1863.mp3
sauer:kiselo,53,resto2,einkauf,kiselo,sauer,sour,ekşi,surt,zuur,surt,surt,acide (goût),web/audio/w1864.mp3
scharf:ljuto,53,resto2,einkauf,ljuto,scharf,spicy,acı (baharatlı),starkt (kryddstarkt),pikant,sterkt (krydret),stærkt (krydret),piquant,web/audio/w1865.mp3
süß:slatko,53,resto2,einkauf,slatko,süß,sweet,tatlı,sött,zoet,søtt,sødt,sucré,web/audio/w1866.mp3
zu wenig:premalo,53,resto2,einkauf,premalo,zu wenig,too little,çok az,för lite,te weinig,for lite,for lidt,trop peu,web/audio/w1867.mp3
behalten sie das rückgeld:Zadržite kusur,53,resto2,einkauf,Zadržite kusur,Behalten Sie das Rückgeld,Keep the change,Üstü kalsın,Behåll växeln,Houd het wisselgeld maar,Behold vekslepengene,Behold byttepengene,Gardez la monnaie,web/audio/w1868.mp3
getrennt:odvojeno,53,resto2,einkauf,odvojeno,getrennt,separately,ayrı ayrı,separat,apart,hver for seg,hver for sig,séparément,web/audio/w1869.mp3
jeder zahlt seins:Svako plaća svoje,53,resto2,einkauf,Svako plaća svoje,Jeder zahlt seins,Everyone pays for their own,Herkes kendi hesabını öder,Var och en betalar för sig,Ieder betaalt voor zichzelf,Alle betaler for seg,Hver betaler for sig,Chacun paie sa part,web/audio/w1870.mp3
können wir zahlen?:Možemo li platiti?,53,resto2,einkauf,Možemo li platiti?,Können wir zahlen?,Can we pay?,Ödeyebilir miyiz?,Kan vi betala?,Kunnen we afrekenen?,Kan vi betale?,Kan vi betale?,On peut payer ?,web/audio/w1871.mp3
trinkgeld (förmlich):napojnica,53,resto2,einkauf,napojnica,Trinkgeld (förmlich),tip (formal),bahşiş (resmî),dricks (formellt),fooi (formeel),drikkepenger (formelt),drikkepenge (formelt),pourboire (formel),web/audio/w1872.mp3
wie viel macht das?:Koliko je?,53,resto2,einkauf,Koliko je?,Wie viel macht das?,How much is that?,Ne kadar tuttu?,Hur mycket blir det?,Hoeveel is het?,Hvor mye blir det?,Hvor meget bliver det?,Ça fait combien ?,web/audio/w1873.mp3
zusammen:zajedno,53,resto2,einkauf,zajedno,zusammen,together,birlikte,tillsammans,samen,sammen,sammen,ensemble,web/audio/w1314.mp3
das ist teuer:Ovo je skupo,53,resto2,einkauf,Ovo je skupo,Das ist teuer,That is expensive,Bu pahalı,Det är dyrt,Dat is duur,Det er dyrt,Det er dyrt,C'est cher,web/audio/w1874.mp3
"ein halbes kilo, bitte:Pola kile, molim",53,resto2,einkauf,"Pola kile, molim","Ein halbes Kilo, bitte","Half a kilo, please","Yarım kilo, lütfen","Ett halvt kilo, tack","Een halve kilo, alstublieft","En halv kilo, takk","Et halvt kilo, tak","Un demi-kilo, s'il vous plaît",web/audio/w1875.mp3
"ein kilo, bitte:Jedan kilogram, molim",53,resto2,einkauf,"Jedan kilogram, molim","Ein Kilo, bitte","One kilo, please","Bir kilo, lütfen","Ett kilo, tack","Een kilo, alstublieft","En kilo, takk","Et kilo, tak","Un kilo, s'il vous plaît",web/audio/w1876.mp3
"eine tüte, bitte:Jednu kesu, molim",53,resto2,einkauf,"Jednu kesu, molim","Eine Tüte, bitte","A bag, please","Bir poşet, lütfen","En påse, tack","Een zakje, alstublieft","En pose, takk","En pose, tak","Un sac, s'il vous plaît",web/audio/w1877.mp3
etwas mehr:Malo više,53,resto2,einkauf,Malo više,Etwas mehr,A little more,Biraz daha,Lite mer,Iets meer,Litt mer,Lidt mere,Un peu plus,web/audio/w1878.mp3
etwas weniger:Malo manje,53,resto2,einkauf,Malo manje,Etwas weniger,A little less,Biraz daha az,Lite mindre,Iets minder,Litt mindre,Lidt mindre,Un peu moins,web/audio/w1879.mp3
geht es günstiger?:Može li jeftinije?,53,resto2,einkauf,Može li jeftinije?,Geht es günstiger?,Can you do it cheaper?,Daha ucuz olur mu?,Kan det bli billigare?,Kan het goedkoper?,Kan det bli billigere?,Kan det blive billigere?,Ça peut être moins cher ?,web/audio/w1880.mp3
ist das frisch?:Je li ovo svježe?,53,resto2,einkauf,Je li ovo svježe?,Ist das frisch?,Is this fresh?,Bu taze mi?,Är det färskt?,Is dit vers?,Er dette ferskt?,Er det friskt?,C'est frais ?,web/audio/w1881.mp3
ist das hausgemacht?:Je li ovo domaće?,53,resto2,einkauf,Je li ovo domaće?,Ist das hausgemacht?,Is this homemade?,Bu ev yapımı mı?,Är det hemlagat?,Is dit zelfgemaakt?,Er dette hjemmelaget?,Er det hjemmelavet?,C'est fait maison ?,web/audio/w1882.mp3
kann ich probieren?:Mogu li probati?,53,resto2,einkauf,Mogu li probati?,Kann ich probieren?,Can I try it?,Tadabilir miyim?,Kan jag smaka?,Mag ik proeven?,Kan jeg smake?,Må jeg smage?,Je peux goûter ?,web/audio/w1883.mp3
was kostet …? (markt):Pošto je …?,53,resto2,einkauf,Pošto je …?,Was kostet …? (Markt),How much is …? (market),… kaça? (pazarda),Vad kostar …? (marknad),Hoeveel kost …? (markt),Hva koster …? (marked),Hvad koster …? (marked),Combien coûte … ? (au marché),web/audio/w1884.mp3
baeckerei:pekara,54,essen_gehen,einkauf,pekara,Baeckerei,bakery,ekmek fırını,bageri,bakkerij,bakeri,bageri,boulangerie,web/audio/w1885.mp3
gericht / speise:jelo,54,essen_gehen,einkauf,jelo,Gericht / Speise,dish / meal,yemek,maträtt / rätt,gerecht / eten,rett / matrett,ret / mad,plat,web/audio/w1886.mp3
kafana (traditionelle wirtschaft):kafana,54,essen_gehen,einkauf,kafana,Kafana (traditionelle Wirtschaft),kafana (traditional tavern),kafana (geleneksel kahve ve müzik mekânı),kafana (traditionell krog),kafana (traditioneel café),kafana (tradisjonelt vertshus),kafana (traditionelt værtshus),kafana (taverne traditionnelle),web/audio/w1887.mp3
lecker:ukusno,54,essen_gehen,einkauf,ukusno,lecker,tasty,lezzetli,gott,lekker,godt (om mat),lækkert,délicieux,web/audio/w1888.mp3
portion:porcija,54,essen_gehen,einkauf,porcija,Portion,portion,porsiyon,portion,portie,porsjon,portion,portion,web/audio/w1889.mp3
restaurant:restoran,54,essen_gehen,einkauf,restoran,Restaurant,restaurant,restoran,restaurang,restaurant,restaurant,restaurant,restaurant,web/audio/w1890.mp3
speisekarte:jelovnik,54,essen_gehen,einkauf,jelovnik,Speisekarte,menu,menü,meny,menukaart,meny,menukort,carte (menu),web/audio/w1891.mp3
gehen wir einen kaffee trinken:Idemo na kahvu,54,essen_gehen,einkauf,Idemo na kahvu,Gehen wir einen Kaffee trinken,Let us go for a coffee,Kahve içmeye gidelim,Vi går och tar ett kaffe,Laten we koffie gaan drinken,La oss gå og ta en kaffe,Lad os gå ud og drikke kaffe,Allons boire un café,web/audio/w1892.mp3
halva:halva,54,essen_gehen,einkauf,halva,Halva,halva,helva,halva (sötsak),halva,halva,halva,halva,web/audio/w1893.mp3
hurmasica (sirupgebaeck):hurmašica,54,essen_gehen,einkauf,hurmašica,Hurmasica (Sirupgebaeck),hurmašica (syrup-soaked semolina cookie),hurmašica (şerbetli hamur tatlısı),hurmašica (sirapsbakelse),hurmašica (siroopgebak),hurmašica (bakverk i sirup),hurmašica (sirupskage),hurmašica (pâtisserie au sirop),web/audio/w1894.mp3
rahat lokum (geleewuerfel zum kaffee):rahat lokum,54,essen_gehen,einkauf,rahat lokum,Rahat lokum (Geleewuerfel zum Kaffee),rahat lokum (jelly cubes served with coffee),rahat lokum (kahve yanında yenen lokum),rahat lokum (turkisk konfekt till kaffet),rahat lokum (geleiblokjes bij de koffie),rahat lokum (gelébiter til kaffen),rahat lokum (geléterninger til kaffen),"rahat lokum (loukoum, gelée sucrée avec le café)",web/audio/w1895.mp3
tufahija (gefuellter apfel in sirup):tufahija,54,essen_gehen,einkauf,tufahija,Tufahija (gefuellter Apfel in Sirup),tufahija (stuffed apple in syrup),tufahija (şerbette dolgulu elma tatlısı),tufahija (fyllt äpple i sirap),tufahija (gevulde appel in siroop),tufahija (fylt eple i sirup),tufahija (fyldt æble i sirup),tufahija (pomme farcie au sirop),web/audio/w1896.mp3
dose (getränk):limenka,54,essen_gehen,einkauf,limenka,Dose (Getränk),can (drink),kutu (içecek),burk (dryck),blikje (drank),boks (drikke),dåse (drikkevare),canette (boisson),web/audio/w1897.mp3
einkaufsliste:lista za kupovinu,54,essen_gehen,einkauf,lista za kupovinu,Einkaufsliste,shopping list,alışveriş listesi,inköpslista,boodschappenlijst,handleliste,indkøbsliste,liste de courses,web/audio/w1898.mp3
einkaufswagen:kolica,54,essen_gehen,einkauf,kolica,Einkaufswagen,shopping cart,alışveriş arabası,kundvagn,winkelwagen,handlevogn,indkøbsvogn,chariot de courses,web/audio/w1899.mp3
einmachglas:tegla,54,essen_gehen,einkauf,tegla,Einmachglas,canning jar,kavanoz,glasburk (för inläggning),weckpot,syltetøyglass,sylteglas,bocal à conserves,web/audio/w1900.mp3
gramm:gram,54,essen_gehen,einkauf,gram,Gramm,gram,gram,gram,gram,gram,gram,gramme,web/audio/w1901.mp3
korb:korpa,54,essen_gehen,einkauf,korpa,Korb,basket,sepet,korg,mand,kurv,kurv,panier,web/audio/w1902.mp3
liter:litar,54,essen_gehen,einkauf,litar,Liter,liter,litre,liter,liter,liter,liter,litre,web/audio/w1903.mp3
packung:pakovanje,54,essen_gehen,einkauf,pakovanje,Packung,pack,paket,paket,pak,pakke,pakke,paquet,web/audio/w1904.mp3
sack:vreća,54,essen_gehen,einkauf,vreća,Sack,sack,çuval,säck,zak,sekk,sæk,sac,web/audio/w1905.mp3
scheibe (brot):kriška,54,essen_gehen,einkauf,kriška,Scheibe (Brot),slice (of bread),dilim (ekmek),skiva (bröd),snee (brood),skive (brød),skive (brød),tranche (de pain),web/audio/w1906.mp3
scheibe (wurst):šnita,54,essen_gehen,einkauf,šnita,Scheibe (Wurst),slice (of sausage),"dilim (salam, sosis)",skiva (korv),plakje (worst),skive (pølse),skive (pølse),tranche (de saucisson),web/audio/w1907.mp3
stück:komad,54,essen_gehen,einkauf,komad,Stück,piece,parça (adet),stycke,stuk,stykke,stykke,morceau (pièce),web/audio/w1908.mp3
ajvar (paprikapaste):ajvar,55,bosnisch_essen,herkunft,ajvar,Ajvar (Paprikapaste),ajvar (pepper paste),ajvar (biber ezmesi),ajvar (paprikapasta),ajvar (paprikapasta),ajvar (paprikapuré),ajvar (peberfrugtpasta),ajvar (purée de poivrons),web/audio/w1909.mp3
bohneneintopf:grah,55,bosnisch_essen,herkunft,grah,Bohneneintopf,bean stew,kuru fasulye,böngryta,bonenstoofpot,bønnegryte,bønnegryde,ragoût de haricots,web/audio/w1910.mp3
bosnischer schmortopf:bosanski lonac,55,bosnisch_essen,herkunft,bosanski lonac,Bosnischer Schmortopf,Bosnian pot (stew),bosanski lonac (Bosna güveci),bosnisk gryta,Bosnische stoofpot,bosnisk gryterett,bosnisk gryderet,ragoût bosnien (bosanski lonac),web/audio/w1911.mp3
burek (blaetterteigrolle mit fleisch):burek,55,bosnisch_essen,herkunft,burek,Burek (Blaetterteigrolle mit Fleisch),burek (filo roll with meat),burek (kıymalı börek),burek (filodegsrulle med köttfärs),burek (bladerdeegrol met vlees),burek (deigrull med kjøtt),burek (rulle af fillodej med kød),burek (rouleau de pâte filo à la viande),web/audio/w1912.mp3
dolma (gefuelltes gemuese):dolma,55,bosnisch_essen,herkunft,dolma,Dolma (gefuelltes Gemuese),dolma (stuffed vegetables),dolma (doldurulmuş sebze),dolma (fyllda grönsaker),dolma (gevulde groente),dolma (fylte grønnsaker),dolma (fyldte grøntsager),dolma (légumes farcis),web/audio/w1913.mp3
geraeuchertes fleisch:suho meso,55,bosnisch_essen,herkunft,suho meso,geraeuchertes Fleisch,smoked meat,tütsülenmiş et,rökt kött,gerookt vlees,røkt kjøtt,røget kød,viande fumée,web/audio/w1914.mp3
grill / gegrilltes:roštilj,55,bosnisch_essen,herkunft,roštilj,Grill / Gegrilltes,barbecue / grilled food,ızgara,grill / grillat,grill / gegrild vlees,grill / grillmat,grill / grillmad,gril / grillades,web/audio/w1915.mp3
japrak (gefuellte weinblaetter):japrak,55,bosnisch_essen,herkunft,japrak,Japrak (gefuellte Weinblaetter),japrak (stuffed vine leaves),japrak (asma yaprağı sarması),japrak (fyllda vinblad),japrak (gevulde wijnbladeren),japrak (fylte vinblader),japrak (fyldte vinblade),japrak (feuilles de vigne farcies),web/audio/w1916.mp3
kajmak (rahmaufstrich):kajmak,55,bosnisch_essen,herkunft,kajmak,Kajmak (Rahmaufstrich),kajmak (clotted cream spread),kajmak (sürülen tuzlu kaymak),kajmak (bredbar grädde),kajmak (roomspread),kajmak (fløteaktig pålegg),kajmak (flødepålæg),kajmak (crème à tartiner),web/audio/w1917.mp3
krompiruša (pita mit kartoffeln):krompiruša,55,bosnisch_essen,herkunft,krompiruša,Krompiruša (Pita mit Kartoffeln),krompiruša (pita with potato filling),krompiruša (patatesli börek),krompiruša (pita med potatis),krompiruša (pita met aardappel),krompiruša (pita med potet),krompiruša (pita med kartofler),krompiruša (pita aux pommes de terre),web/audio/w1918.mp3
pljeskavica (hacksteak):pljeskavica,55,bosnisch_essen,herkunft,pljeskavica,Pljeskavica (Hacksteak),pljeskavica (grilled minced meat patty),pljeskavica (yayvan kıyma köftesi),pljeskavica (köttfärsbiff),pljeskavica (platte gehaktschijf),pljeskavica (karbonade av kjøttdeig),pljeskavica (hakkebøf),pljeskavica (steak haché),web/audio/w1919.mp3
sarma (krautwickel):sarma,55,bosnisch_essen,herkunft,sarma,Sarma (Krautwickel),sarma (stuffed cabbage rolls),sarma (lahana sarması),sarma (kåldolmar),sarma (gevulde koolrolletjes),sarma (kålruletter),sarma (kåldolmere),sarma (feuilles de chou farcies),web/audio/w1920.mp3
sirnica (pita mit kaese):sirnica,55,bosnisch_essen,herkunft,sirnica,Sirnica (Pita mit Kaese),sirnica (pita with cheese),sirnica (peynirli börek),sirnica (pita med ost),sirnica (pita met kaas),sirnica (pita med ost),sirnica (pita med ost),sirnica (pita au fromage),web/audio/w1921.mp3
somun (fladenbrot zu cevapi):somun,55,bosnisch_essen,herkunft,somun,Somun (Fladenbrot zu Cevapi),somun (flatbread served with ćevapi),somun (ćevapi ile yenen pide),somun (tunnbröd till ćevapi),somun (platbrood bij ćevapi),somun (flatt brød til ćevapi),somun (fladbrød til ćevapi),somun (pain plat pour les ćevapi),web/audio/w1922.mp3
zeljanica (pita mit spinat und kaese):zeljanica,55,bosnisch_essen,herkunft,zeljanica,Zeljanica (Pita mit Spinat und Kaese),zeljanica (pita with spinach and cheese),zeljanica (ıspanaklı ve peynirli börek),zeljanica (pita med spinat och ost),zeljanica (pita met spinazie en kaas),zeljanica (pita med spinat og ost),zeljanica (pita med spinat og ost),zeljanica (pita aux épinards et au fromage),web/audio/w1923.mp3
bey-suppe:begova čorba,55,bosnisch_essen,herkunft,begova čorba,Bey-Suppe,bey's soup,"begova čorba (tavuklu, bamyalı çorba)",bey-soppa (kycklingsoppa),bey-soep (romige kip-okrasoep),kremet kyllingsuppe (begova čorba),begova čorba (bosnisk kyllingesuppe),soupe du bey,web/audio/w1924.mp3
fleischspießchen:ražnjići,55,bosnisch_essen,herkunft,ražnjići,Fleischspießchen,meat skewers,şiş kebap,små köttspett,vleesspiesjes,små kjøttspyd,små kødspyd,brochettes de viande,web/audio/w1925.mp3
fünf ćevapi:petica,55,bosnisch_essen,herkunft,petica,fünf Ćevapi,five ćevapi,beş ćevapi,fem ćevapi,vijf ćevapi,fem ćevapi,fem ćevapi,cinq ćevapi,web/audio/w1926.mp3
gefüllte paprika:punjene paprike,55,bosnisch_essen,herkunft,punjene paprike,gefüllte Paprika,stuffed peppers,biber dolması,fylld paprika,gevulde paprika's,fylt paprika,fyldte peberfrugter,poivrons farcis,web/audio/w1927.mp3
gefüllte zwiebeln:sogan-dolma,55,bosnisch_essen,herkunft,sogan-dolma,gefüllte Zwiebeln,stuffed onions,soğan dolması,fyllda lökar,gevulde uien,fylt løk,fyldte løg,oignons farcis,web/audio/w1928.mp3
grillwürstchen:sudžukice,55,bosnisch_essen,herkunft,sudžukice,Grillwürstchen,grilled sausages,ızgara sucuk,små grillkorvar (sudžukice),gegrilde worstjes,grillpølser,sudžukice (små grillpølser),petites saucisses grillées,web/audio/w1929.mp3
sieben ćevapi:sedam ćevapa,55,bosnisch_essen,herkunft,sedam ćevapa,sieben Ćevapi,seven ćevapi,yedi ćevapi,sju ćevapi,zeven ćevapi,sju ćevapi,syv ćevapi,sept ćevapi,web/audio/w1930.mp3
teigtaschen:klepe,55,bosnisch_essen,herkunft,klepe,Teigtaschen,filled dumplings,mantı,klepe (små fyllda degknyten),deegpakketjes,fylte deigputer,klepe (små dejlommer med kødfyld),raviolis,web/audio/w1931.mp3
unter der eisenglocke:ispod sača,55,bosnisch_essen,herkunft,ispod sača,unter der Eisenglocke,under the iron bell (sač),sač altında (kor altında pişirme),under järnklockan (sač),onder de ijzeren stolp,under jernklokka (sač),under jernklokken,sous la cloche en fonte,web/audio/w1932.mp3
zehn ćevapi:desetka,55,bosnisch_essen,herkunft,desetka,zehn Ćevapi,ten ćevapi,on ćevapi,tio ćevapi,tien ćevapi,ti ćevapi,ti ćevapi,dix ćevapi,web/audio/w1933.mp3
ausland:inostranstvo,56,laender,herkunft,inostranstvo,Ausland,abroad,yurt dışı,utlandet,buitenland,utlandet,udland,étranger (les pays étrangers),web/audio/w1934.mp3
bosnien:Bosna,56,laender,herkunft,Bosna,Bosnien,Bosnia,Bosna,Bosnien,Bosnië,Bosnia,Bosnien,Bosnie,web/audio/w1935.mp3
bosnien und herzegowina:Bosna i Hercegovina,56,laender,herkunft,Bosna i Hercegovina,Bosnien und Herzegowina,Bosnia and Herzegovina,Bosna-Hersek,Bosnien och Hercegovina,Bosnië en Herzegovina,Bosnia-Hercegovina,Bosnien-Hercegovina,Bosnie-Herzégovine,web/audio/w1936.mp3
deutschland:Njemačka,56,laender,herkunft,Njemačka,Deutschland,Germany,Almanya,Tyskland,Duitsland,Tyskland,Tyskland,Allemagne,web/audio/w1937.mp3
die niederlande:Holandija,56,laender,herkunft,Holandija,die Niederlande,the Netherlands,Hollanda,Nederländerna,Nederland,Nederland,Holland,les Pays-Bas,web/audio/w1938.mp3
die schweiz:Švicarska,56,laender,herkunft,Švicarska,die Schweiz,Switzerland,İsviçre,Schweiz,Zwitserland,Sveits,Schweiz,la Suisse,web/audio/w1939.mp3
die türkei:Turska,56,laender,herkunft,Turska,die Türkei,Turkey (country),Türkiye,Turkiet,Turkije,Tyrkia,Tyrkiet,la Turquie,web/audio/w1940.mp3
dänemark:Danska,56,laender,herkunft,Danska,Dänemark,Denmark,Danimarka,Danmark,Denemarken,Danmark,Danmark,Danemark,web/audio/w1941.mp3
frankreich:Francuska,56,laender,herkunft,Francuska,Frankreich,France,Fransa,Frankrike,Frankrijk,Frankrike,Frankrig,France,web/audio/w1942.mp3
heimat:domovina,56,laender,herkunft,domovina,Heimat,homeland,vatan,hemland,vaderland,hjemland,hjemland,patrie,web/audio/w1943.mp3
herzegowina:Hercegovina,56,laender,herkunft,Hercegovina,Herzegowina,Herzegovina,Hersek,Hercegovina,Herzegovina,Hercegovina,Hercegovina,Herzégovine,web/audio/w1944.mp3
ich bin in deutschland geboren (m/w):Rođen sam u Njemačkoj / Rođena sam u Njemačkoj,56,laender,herkunft,Rođen sam u Njemačkoj / Rođena sam u Njemačkoj,Ich bin in Deutschland geboren (m/w),I was born in Germany (m/f),Almanya'da doğdum (erkek / kadın),Jag är född i Tyskland (m/k),Ik ben in Duitsland geboren (m/v),Jeg er født i Tyskland (m/k),Jeg er født i Tyskland (m/k),Je suis né / née en Allemagne,web/audio/w2220.mp3
ich komme aus bosnien:Ja sam iz Bosne,56,laender,herkunft,Ja sam iz Bosne,Ich komme aus Bosnien,I am from Bosnia,Ben Bosna'danım,Jag kommer från Bosnien,Ik kom uit Bosnië,Jeg kommer fra Bosnia,Jeg kommer fra Bosnien,Je viens de Bosnie,web/audio/w1946.mp3
ich komme aus deutschland:Ja sam iz Njemačke,56,laender,herkunft,Ja sam iz Njemačke,Ich komme aus Deutschland,I am from Germany,Ben Almanya'danım,Jag kommer från Tyskland,Ik kom uit Duitsland,Jeg kommer fra Tyskland,Jeg kommer fra Tyskland,Je viens d'Allemagne,web/audio/w1947.mp3
ich lebe in deutschland:Živim u Njemačkoj,56,laender,herkunft,Živim u Njemačkoj,Ich lebe in Deutschland,I live in Germany,Almanya'da yaşıyorum,Jag bor i Tyskland,Ik woon in Duitsland,Jeg bor i Tyskland,Jeg bor i Tyskland,Je vis en Allemagne,web/audio/w1948.mp3
kroatien:Hrvatska,56,laender,herkunft,Hrvatska,Kroatien,Croatia,Hırvatistan,Kroatien,Kroatië,Kroatia,Kroatien,Croatie,web/audio/w1949.mp3
land / staat:država,56,laender,herkunft,država,Land / Staat,country / state,ülke / devlet,land / stat,land / staat,land / stat,land / stat,pays / État,web/audio/w1950.mp3
meine familie ist aus bosnien:Moja porodica je iz Bosne,56,laender,herkunft,Moja porodica je iz Bosne,Meine Familie ist aus Bosnien,My family is from Bosnia,Ailem Bosna'dan,Min familj är från Bosnien,Mijn familie komt uit Bosnië,Familien min er fra Bosnia,Min familie er fra Bosnien,Ma famille vient de Bosnie,web/audio/w1951.mp3
montenegro:Crna Gora,56,laender,herkunft,Crna Gora,Montenegro,Montenegro,Karadağ,Montenegro,Montenegro,Montenegro,Montenegro,Monténégro,web/audio/w1952.mp3
norwegen:Norveška,56,laender,herkunft,Norveška,Norwegen,Norway,Norveç,Norge,Noorwegen,Norge,Norge,Norvège,web/audio/w1953.mp3
schweden:Švedska,56,laender,herkunft,Švedska,Schweden,Sweden,İsveç,Sverige,Zweden,Sverige,Sverige,Suède,web/audio/w1954.mp3
serbien:Srbija,56,laender,herkunft,Srbija,Serbien,Serbia,Sırbistan,Serbien,Servië,Serbia,Serbien,Serbie,web/audio/w1955.mp3
slowenien:Slovenija,56,laender,herkunft,Slovenija,Slowenien,Slovenia,Slovenya,Slovenien,Slovenië,Slovenia,Slovenien,Slovénie,web/audio/w1956.mp3
welt:svijet,56,laender,herkunft,svijet,Welt,world,dünya,värld,wereld,verden,verden,monde,web/audio/w1957.mp3
wo bist du geboren? (m/w):Gdje si rođen? / Gdje si rođena?,56,laender,herkunft,Gdje si rođen? / Gdje si rođena?,Wo bist du geboren? (m/w),Where were you born? (m/f),Nerede doğdun? (erkek / kadın),Var är du född? (m/k),Waar ben je geboren? (m/v),Hvor er du født? (m/k),Hvor er du født? (m/k),Où es-tu né ? / Où es-tu née ?,web/audio/w2221.mp3
österreich:Austrija,56,laender,herkunft,Austrija,Österreich,Austria,Avusturya,Österrike,Oostenrijk,Østerrike,Østrig,Autriche,web/audio/w1959.mp3
bosniake / bosniakin:Bošnjak / Bošnjakinja,57,nationalitaeten,herkunft,Bošnjak / Bošnjakinja,Bosniake / Bosniakin,Bosniak (m) / Bosniak (f),Boşnak (erkek / kadın),bosniak / bosniakiska,Bosniak (man of vrouw),bosniak (m/k),bosniak (m/k),Bosniaque,web/audio/w2222.mp3
bosnier / bosnierin:Bosanac / Bosanka,57,nationalitaeten,herkunft,Bosanac / Bosanka,Bosnier / Bosnierin,Bosnian (m) / Bosnian (f),Bosnalı (erkek / kadın),bosnier / bosniska,Bosniër / Bosnische,bosnier (m/k),bosnier (m/k),Bosnien / Bosnienne,web/audio/w2223.mp3
deutscher / deutsche:Nijemac / Njemica,57,nationalitaeten,herkunft,Nijemac / Njemica,Deutscher / Deutsche,German (m) / German (f),Alman (erkek / kadın),tysk / tyska,Duitser / Duitse,tysker (m/k),tysker (m/k),Allemand / Allemande,web/audio/w2224.mp3
däne / dänin:Danac / Dankinja,57,nationalitaeten,herkunft,Danac / Dankinja,Däne / Dänin,Dane (m) / Dane (f),Danimarkalı (erkek / kadın),dansk / danska,Deen / Deense,danske (m/k),dansker (m/k),Danois / Danoise,web/audio/w2225.mp3
franzose / französin:Francuz / Francuskinja,57,nationalitaeten,herkunft,Francuz / Francuskinja,Franzose / Französin,Frenchman / Frenchwoman,Fransız (erkek / kadın),fransman / fransyska,Fransman / Française,franskmann (m/k),franskmand (m/k),Français / Française,web/audio/w2226.mp3
ich bin bosnier / bosnierin:Ja sam Bosanac / Ja sam Bosanka,57,nationalitaeten,herkunft,Ja sam Bosanac / Ja sam Bosanka,Ich bin Bosnier / Bosnierin,I am Bosnian (m) / I am Bosnian (f),Ben Bosnalıyım (erkek / kadın),Jag är bosnier / bosniska,Ik ben Bosniër / Bosnische,Jeg er bosnier (m/k),Jeg er bosnier (m/k),Je suis bosnien / bosnienne,web/audio/w2227.mp3
ich bin deutscher / deutsche:Ja sam Nijemac / Ja sam Njemica,57,nationalitaeten,herkunft,Ja sam Nijemac / Ja sam Njemica,Ich bin Deutscher / Deutsche,I am German (m) / I am German (f),Ben Alman'ım (erkek / kadın),Jag är tysk / tyska,Ik ben Duitser / Duitse,Jeg er tysker (m/k),Jeg er tysker (m/k),Je suis allemand / allemande,web/audio/w2228.mp3
kroate / kroatin:Hrvat / Hrvatica,57,nationalitaeten,herkunft,Hrvat / Hrvatica,Kroate / Kroatin,Croat (m) / Croat (f),Hırvat (erkek / kadın),kroat / kroatiska,Kroaat / Kroatische,kroat (m/k),kroat (m/k),Croate,web/audio/w2229.mp3
montenegriner / montenegrinerin:Crnogorac / Crnogorka,57,nationalitaeten,herkunft,Crnogorac / Crnogorka,Montenegriner / Montenegrinerin,Montenegrin (m) / Montenegrin (f),Karadağlı (erkek / kadın),montenegrin / montenegrinska,Montenegrijn / Montenegrijnse,montenegriner (m/k),montenegriner (m/k),Monténégrin / Monténégrine,web/audio/w2230.mp3
niederländer / niederländerin:Holanđanin / Holanđanka,57,nationalitaeten,herkunft,Holanđanin / Holanđanka,Niederländer / Niederländerin,Dutchman / Dutchwoman,Hollandalı (erkek / kadın),holländare / holländska,Nederlander / Nederlandse,nederlender (m/k),hollænder (m/k),Néerlandais / Néerlandaise,web/audio/w2231.mp3
norweger / norwegerin:Norvežanin / Norvežanka,57,nationalitaeten,herkunft,Norvežanin / Norvežanka,Norweger / Norwegerin,Norwegian (m) / Norwegian (f),Norveçli (erkek / kadın),norrman / norska,Noor / Noorse,nordmann (m/k),nordmand (m/k),Norvégien / Norvégienne,web/audio/w2232.mp3
religion / glaube:vjera,57,nationalitaeten,herkunft,vjera,Religion / Glaube,religion / faith,din / inanç,religion / tro,religie / geloof,religion / tro,religion / tro,religion / foi,web/audio/w1971.mp3
schwede / schwedin:Šveđanin / Šveđanka,57,nationalitaeten,herkunft,Šveđanin / Šveđanka,Schwede / Schwedin,Swede (m) / Swede (f),İsveçli (erkek / kadın),svensk / svenska,Zweed / Zweedse,svenske (m/k),svensker (m/k),Suédois / Suédoise,web/audio/w2233.mp3
schweizer / schweizerin:Švicarac / Švicarka,57,nationalitaeten,herkunft,Švicarac / Švicarka,Schweizer / Schweizerin,Swiss man / Swiss woman,İsviçreli (erkek / kadın),schweizare / schweiziska,Zwitser / Zwitserse,sveitser (m/k),schweizer (m/k),Suisse / Suissesse,web/audio/w2234.mp3
serbe / serbin:Srbin / Srpkinja,57,nationalitaeten,herkunft,Srbin / Srpkinja,Serbe / Serbin,Serb (m) / Serb (f),Sırp (erkek / kadın),serb / serbiska,Serviër / Servische,serber (m/k),serber (m/k),Serbe,web/audio/w2235.mp3
türke / türkin:Turčin / Turkinja,57,nationalitaeten,herkunft,Turčin / Turkinja,Türke / Türkin,Turk (m) / Turk (f),Türk (erkek / kadın),turk / turkiska,Turk / Turkse,tyrker (m/k),tyrker (m/k),Turc / Turque,web/audio/w2236.mp3
volk:narod,57,nationalitaeten,herkunft,narod,Volk,people (nation),halk,folk,volk,folk,folk,peuple,web/audio/w1976.mp3
österreicher / österreicherin:Austrijanac / Austrijanka,57,nationalitaeten,herkunft,Austrijanac / Austrijanka,Österreicher / Österreicherin,Austrian (m) / Austrian (f),Avusturyalı (erkek / kadın),österrikare / österrikiska,Oostenrijker / Oostenrijkse,østerriker (m/k),østriger (m/k),Autrichien / Autrichienne,web/audio/w2237.mp3
bosnisch (die sprache):bosanski,57,nationalitaeten,herkunft,bosanski,Bosnisch (die Sprache),Bosnian (the language),Boşnakça (dil),bosniska (språket),Bosnisch (de taal),bosnisk (språket),bosnisk (sproget),bosnien (la langue),web/audio/w1409.mp3
deutsch (die sprache):njemački,57,nationalitaeten,herkunft,njemački,Deutsch (die Sprache),German (the language),Almanca (dil),tyska (språket),Duits (de taal),tysk (språket),tysk (sproget),allemand (la langue),web/audio/w1471.mp3
englisch (die sprache):engleski,57,nationalitaeten,herkunft,engleski,Englisch (die Sprache),English (the language),İngilizce (dil),engelska (språket),Engels (de taal),engelsk (språket),engelsk (sproget),anglais (la langue),web/audio/w1472.mp3
ich spreche deutsch:Govorim njemački,57,nationalitaeten,herkunft,Govorim njemački,Ich spreche Deutsch,I speak German,Almanca konuşuyorum,Jag talar tyska,Ik spreek Duits,Jeg snakker tysk,Jeg taler tysk,Je parle allemand,web/audio/w1978.mp3
ich spreche kein bosnisch:Ne govorim bosanski,57,nationalitaeten,herkunft,Ne govorim bosanski,Ich spreche kein Bosnisch,I do not speak Bosnian,Boşnakça konuşmuyorum,Jag talar inte bosniska,Ik spreek geen Bosnisch,Jeg snakker ikke bosnisk,Jeg taler ikke bosnisk,Je ne parle pas bosnien,web/audio/w1979.mp3
kannst du das wiederholen?:Možeš li ponoviti?,57,nationalitaeten,herkunft,Možeš li ponoviti?,Kannst du das wiederholen?,Can you repeat that?,Tekrar edebilir misin?,Kan du upprepa det?,Kun je dat herhalen?,Kan du gjenta det?,Kan du gentage det?,Tu peux répéter ?,web/audio/w1980.mp3
muttersprache:maternji jezik,57,nationalitaeten,herkunft,maternji jezik,Muttersprache,native language,ana dili,modersmål,moedertaal,morsmål,modersmål,langue maternelle,web/audio/w1981.mp3
sprache:jezik,57,nationalitaeten,herkunft,jezik,Sprache,language,dil,språk,taal,språk,sprog,langue,web/audio/w1982.mp3
"sprich bitte langsamer:Molim te, pričaj sporije",57,nationalitaeten,herkunft,"Molim te, pričaj sporije",Sprich bitte langsamer,Please speak more slowly,Lütfen daha yavaş konuş,"Prata långsammare, tack",Spreek alsjeblieft langzamer,"Vær så snill, snakk saktere",Tal venligst langsommere,"Parle plus lentement, s'il te plaît",web/audio/w1983.mp3
sprichst du bosnisch?:Govoriš li bosanski?,57,nationalitaeten,herkunft,Govoriš li bosanski?,Sprichst du Bosnisch?,Do you speak Bosnian?,Boşnakça konuşuyor musun?,Talar du bosniska?,Spreek jij Bosnisch?,Snakker du bosnisk?,Taler du bosnisk?,Tu parles bosnien ?,web/audio/w1984.mp3
was bedeutet das?:Šta to znači?,57,nationalitaeten,herkunft,Šta to znači?,Was bedeutet das?,What does that mean?,Bu ne demek?,Vad betyder det?,Wat betekent dat?,Hva betyr det?,Hvad betyder det?,Qu'est-ce que ça veut dire ?,web/audio/w1985.mp3
wie sagt man das auf bosnisch?:Kako se to kaže na bosanskom?,57,nationalitaeten,herkunft,Kako se to kaže na bosanskom?,Wie sagt man das auf Bosnisch?,How do you say that in Bosnian?,Bunu Boşnakça nasıl derler?,Hur säger man det på bosniska?,Hoe zeg je dat in het Bosnisch?,Hvordan sier man det på bosnisk?,Hvordan siger man det på bosnisk?,Comment dit-on ça en bosnien ?,web/audio/w1986.mp3
(antwort darauf):Alejkumu selam,58,kennenlernen,kultur,Alejkumu selam,(Antwort darauf),(reply to this),(buna verilen cevap),(svar på det),(antwoord daarop),(svar på det),(svar på det),(réponse à cela),web/audio/w1987.mp3
besuch:posjeta,58,kennenlernen,kultur,posjeta,Besuch,visit,ziyaret,besök,bezoek,besøk,besøg,visite,web/audio/w1988.mp3
danke für alles:Hvala na svemu,58,kennenlernen,kultur,Hvala na svemu,Danke für alles,Thank you for everything,Her şey için teşekkürler,Tack för allt,Bedankt voor alles,Takk for alt,Tak for alt,Merci pour tout,web/audio/w1989.mp3
darf ich vorstellen: ...:Da te upoznam: ...,58,kennenlernen,kultur,Da te upoznam: ...,Darf ich vorstellen: ...,May I introduce: ...,Tanıştırayım: ...,Får jag presentera: ...,Mag ik je voorstellen: ...,Får jeg presentere: ...,Må jeg præsentere: ...,Je te présente : ...,web/audio/w1990.mp3
das ist mein freund:Ovo je moj prijatelj,58,kennenlernen,kultur,Ovo je moj prijatelj,Das ist mein Freund,This is my friend,Bu benim arkadaşım,Det här är min vän,Dit is een vriend van mij,Dette er vennen min,Det er min ven,C'est mon ami,web/audio/w1991.mp3
das ist meine frau:Ovo je moja žena,58,kennenlernen,kultur,Ovo je moja žena,Das ist meine Frau,This is my wife,Bu benim eşim,Det här är min fru,Dit is mijn vrouw,Dette er kona mi,Det er min kone,C'est ma femme,web/audio/w1992.mp3
gruß / grüße:pozdrav / pozdravi,58,kennenlernen,kultur,pozdrav / pozdravi,Gruß / Grüße,greeting / greetings,selam / selamlar,hälsning / hälsningar,groet / groeten,hilsen / hilsener,hilsen / hilsner,salut / salutations,web/audio/w2238.mp3
grüß ... von mir!:Pozdravi ... od mene!,58,kennenlernen,kultur,Pozdravi ... od mene!,Grüß ... von mir!,Say hello to ... from me!,...'a benden selam söyle!,Hälsa ... från mig!,Doe ... de groeten van mij!,Hils ... fra meg!,Hils ... fra mig!,Salue ... de ma part !,web/audio/w1994.mp3
grüß dich (muslimischer gruß):Selam alejkum,58,kennenlernen,kultur,Selam alejkum,Grüß dich (muslimischer Gruß),Hello (Muslim greeting),Selamünaleyküm (Müslüman selamı),Hej (muslimsk hälsning),Hallo (moslimgroet),Hei (muslimsk hilsen),Hej (muslimsk hilsen),Salut (salutation musulmane),web/audio/w1995.mp3
ich entschuldige mich:Izvinjavam se,58,kennenlernen,kultur,Izvinjavam se,Ich entschuldige mich,I apologize,Özür dilerim,Jag ber om ursäkt,Ik verontschuldig me,Jeg ber om unnskyldning,Jeg undskylder,Je m'excuse,web/audio/w1996.mp3
jemanden besuchen:posjetiti,58,kennenlernen,kultur,posjetiti,jemanden besuchen,to visit someone,ziyaret etmek,besöka någon,iemand bezoeken,besøke noen,besøge nogen,rendre visite à quelqu'un,web/audio/w1997.mp3
jemanden kennenlernen:upoznati,58,kennenlernen,kultur,upoznati,jemanden kennenlernen,to get to know someone,tanışmak,lära känna någon,iemand leren kennen,bli kjent med noen,lære nogen at kende,faire la connaissance de quelqu'un,web/audio/w1998.mp3
komm uns besuchen!:Dođi nam u posjetu!,58,kennenlernen,kultur,Dođi nam u posjetu!,Komm uns besuchen!,Come visit us!,Bizi ziyarete gel!,Kom och hälsa på oss!,Kom ons opzoeken!,Kom og besøk oss!,Kom og besøg os!,Viens nous voir !,web/audio/w1999.mp3
"schön, dich kennengelernt zu haben:Drago mi je što smo se upoznali",58,kennenlernen,kultur,Drago mi je što smo se upoznali,"Schön, dich kennengelernt zu haben",Nice to have met you,Tanıştığımıza memnun oldum,Trevligt att ha träffat dig,Leuk dat ik je heb leren kennen,Hyggelig å ha blitt kjent med deg,Det var hyggeligt at møde dig,Ravi de t'avoir rencontré,web/audio/w2000.mp3
"setz dich, trink einen kaffee:Sjedi, popij kahvu",58,kennenlernen,kultur,"Sjedi, popij kahvu","Setz dich, trink einen Kaffee","Sit down, have a coffee","Otur, bir kahve iç","Sätt dig, drick ett kaffe","Ga zitten, drink een kopje koffie","Sett deg, ta en kaffe","Sæt dig ned, drik en kaffe","Assieds-toi, bois un café",web/audio/w2001.mp3
sich bedanken:zahvaliti se,58,kennenlernen,kultur,zahvaliti se,sich bedanken,to say thank you,teşekkür etmek,tacka,bedanken,takke,takke,remercier,web/audio/w2002.mp3
sich entschuldigen:izviniti se,58,kennenlernen,kultur,izviniti se,sich entschuldigen,to apologize,özür dilemek,be om ursäkt,zich verontschuldigen,unnskylde seg,undskylde,s'excuser,web/audio/w2003.mp3
verzeih mir:Oprosti mi,58,kennenlernen,kultur,Oprosti mi,Verzeih mir,Forgive me,Beni affet,Förlåt mig,Vergeef me,Tilgi meg,Tilgiv mig,Pardonne-moi,web/audio/w2004.mp3
verzeihen:oprostiti,58,kennenlernen,kultur,oprostiti,verzeihen,to forgive,affetmek,förlåta,vergeven,tilgi,tilgive,pardonner,web/audio/w2005.mp3
viele grüße an die familie:Puno pozdrava porodici,58,kennenlernen,kultur,Puno pozdrava porodici,Viele Grüße an die Familie,Best regards to the family,Aileye çok selam,Många hälsningar till familjen,Veel groeten aan de familie,Mange hilsener til familien,Mange hilsner til familien,Mes salutations à la famille,web/audio/w2006.mp3
wie geht es deiner familie?:Kako je tvoja porodica?,58,kennenlernen,kultur,Kako je tvoja porodica?,Wie geht es deiner Familie?,How is your family?,Ailen nasıl?,Hur mår din familj?,Hoe gaat het met je familie?,Hvordan går det med familien din?,Hvordan går det med din familie?,Comment va ta famille ?,web/audio/w2007.mp3
wir kennen uns:Poznajemo se,58,kennenlernen,kultur,Poznajemo se,Wir kennen uns,We know each other,Birbirimizi tanıyoruz,Vi känner varandra,We kennen elkaar,Vi kjenner hverandre,Vi kender hinanden,On se connaît,web/audio/w2008.mp3
bekannter / bekannte:poznanik / poznanica,58,kennenlernen,kultur,poznanik / poznanica,Bekannter / Bekannte,acquaintance (m) / acquaintance (f),tanıdık (erkek / kadın),bekant,kennis (bekende),bekjent (m/k),bekendt (m/k),connaissance,web/audio/w2239.mp3
freundeskreis / die clique:raja,58,kennenlernen,kultur,raja,Freundeskreis / die Clique,circle of friends / the gang,arkadaş çevresi / tayfa,vänkrets / gänget,vriendenkring / vriendengroep,vennekrets / gjeng,vennekreds / gænget,cercle d'amis / la bande,web/audio/w2010.mp3
gastgeber:domaćin,58,kennenlernen,kultur,domaćin,Gastgeber,host,ev sahibi,värd,gastheer,vert,vært,hôte,web/audio/w2011.mp3
kollegin:koleginica,58,kennenlernen,kultur,koleginica,Kollegin,colleague (f),iş arkadaşı (kadın),kollega (kvinna),collega (vrouw),kollega (kvinne),kollega (kvinde),collègue (femme),web/audio/w2012.mp3
"kumpel (slang, vor allem sarajevo):jaran",58,kennenlernen,kultur,jaran,"Kumpel (Slang, vor allem Sarajevo)","buddy (slang, mainly Sarajevo)","ahbap (argo, özellikle Saraybosna)","polare (slang, särskilt i Sarajevo)","maat (straattaal, vooral Sarajevo)","kompis (slang, særlig i Sarajevo)","kammerat (slang, især Sarajevo)","pote (argot, surtout à Sarajevo)",web/audio/w2013.mp3
kumpel / kumpelin (locker):drug / drugarica,58,kennenlernen,kultur,drug / drugarica,Kumpel / Kumpelin (locker),buddy (m) / buddy (f) (informal),arkadaş (samimi; erkek / kadın),kompis (vardagligt),vriend / vriendin (informeel),kamerat / venninne (uformelt),ven / veninde (uformelt),copain / copine (familier),web/audio/w2240.mp3
nachbarn (mehrzahl):komšije,58,kennenlernen,kultur,komšije,Nachbarn (Mehrzahl),neighbors (plural),komşular,grannar (plural),buren (meervoud),naboer (flertall),naboer,voisins (pluriel),web/audio/w2015.mp3
akkordeon:harmonika,59,kulturlevel,kultur,harmonika,Akkordeon,accordion,akordeon,dragspel,accordeon,trekkspill,harmonika,accordéon,web/audio/w2016.mp3
der tanz:ples,59,kulturlevel,kultur,ples,der Tanz,dance,dans,dansen,de dans,dans,dans,la danse,web/audio/w2017.mp3
ein instrument spielen:svirati,59,kulturlevel,kultur,svirati,ein Instrument spielen,to play an instrument,enstrüman çalmak,spela ett instrument,een instrument spelen,spille et instrument,spille et instrument,jouer d'un instrument,web/audio/w2018.mp3
folklore / folkloregruppe:folklor / folklorna grupa,59,kulturlevel,kultur,folklor / folklorna grupa,Folklore / Folkloregruppe,folklore / folklore group,folklor / folklor grubu,folklore / folkdansgrupp,folklore / folkloregroep,folklore / folkloregruppe,folklore / folkloregruppe,folklore / groupe folklorique,web/audio/w2241.mp3
kolo (bosnischer reigentanz):kolo,59,kulturlevel,kultur,kolo,Kolo (bosnischer Reigentanz),kolo (Bosnian circle dance),kolo (geleneksel halka dansı),kolo (bosnisk ringdans),kolo (Bosnische kringdans),kolo (bosnisk ringdans),kolo (bosnisk kædedans),kolo (danse en ronde bosnienne),web/audio/w2020.mp3
saenger / saengerin:pjevač / pjevačica,59,kulturlevel,kultur,pjevač / pjevačica,Saenger / Saengerin,singer (m) / singer (f),şarkıcı (erkek / kadın),sångare / sångerska,zanger / zangeres,sanger / sangerinne,sanger / sangerinde,chanteur / chanteuse,web/audio/w2242.mp3
saz (traditionelles saiteninstrument):saz,59,kulturlevel,kultur,saz,Saz (traditionelles Saiteninstrument),saz (traditional stringed instrument),saz (geleneksel telli çalgı),saz (traditionellt stränginstrument),saz (traditioneel snaarinstrument),saz (tradisjonelt strengeinstrument),saz (traditionelt strengeinstrument),saz (instrument à cordes traditionnel),web/audio/w2022.mp3
sevdah (wehmuetige sehnsucht):sevdah,59,kulturlevel,kultur,sevdah,Sevdah (wehmuetige Sehnsucht),sevdah (wistful longing),sevdah (hüzünlü özlem),sevdah (vemodig längtan),sevdah (weemoedig verlangen),sevdah (vemodig lengsel),sevdah (vemodig længsel),sevdah (nostalgie mélancolique),web/audio/w2023.mp3
sevdalinka (bosnisches liebeslied):sevdalinka,59,kulturlevel,kultur,sevdalinka,Sevdalinka (bosnisches Liebeslied),sevdalinka (Bosnian love song),sevdalinka (Boşnak aşk şarkısı),sevdalinka (bosnisk kärlekssång),sevdalinka (Bosnisch liefdeslied),sevdalinka (bosnisk kjærlighetssang),sevdalinka (bosnisk kærlighedssang),sevdalinka (chanson d'amour bosnienne),web/audio/w2024.mp3
sijelo (abendliches beisammensein):sijelo,59,kulturlevel,kultur,sijelo,Sijelo (abendliches Beisammensein),sijelo (evening get-together),sijelo (akşam buluşması),sijelo (kvällssamvaro),sijelo (avondlijk samenzijn),sijelo (kveldssamvær),sijelo (samvær om aftenen),sijelo (veillée entre voisins),web/audio/w2025.mp3
teferic (ausflugsfest im gruenen):teferič,59,kulturlevel,kultur,teferič,Teferic (Ausflugsfest im Gruenen),teferič (outdoor festivity in nature),teferič (kırda yapılan gezinti şenliği),teferič (utflyktsfest i det gröna),teferič (feestelijk uitje in het groen),teferič (utflukt og fest i det grønne),teferič (udflugtsfest i det grønne),teferič (fête en plein air),web/audio/w2026.mp3
volksmusik:narodna muzika,59,kulturlevel,kultur,narodna muzika,Volksmusik,folk music,halk müziği,folkmusik,volksmuziek,folkemusikk,folkemusik,musique folklorique,web/audio/w2027.mp3
antwort auf den bajram-gruss:Allah razi olsun,59,kulturlevel,kultur,Allah razi olsun,Antwort auf den Bajram-Gruss,reply to the Bajram greeting,bayram selamına verilen cevap,svar på bajramhälsningen,antwoord op de Bajram-groet,svar på bajram-hilsenen,svar på bajram-hilsenen,réponse au salut de Bajram,web/audio/w2028.mp3
das fasten:post,59,kulturlevel,kultur,post,das Fasten,fasting,oruç,fastan,het vasten,fasten,faste,le jeûne,web/audio/w2029.mp3
frohes bajram!:Sretan Bajram!,59,kulturlevel,kultur,Sretan Bajram!,Frohes Bajram!,Happy Bajram!,Bayramın kutlu olsun!,Glad Bajram!,Fijne Bajram!,God Bajram!,Glædelig bajram!,Joyeux Bajram !,web/audio/w2030.mp3
gott:Bog,59,kulturlevel,kultur,Bog,Gott,God,Tanrı,Gud,God,Gud,Gud,Dieu,web/audio/w2031.mp3
gott sei dank:Hvala Bogu,59,kulturlevel,kultur,Hvala Bogu,Gott sei Dank,Thank God,Allah'a şükür,Gud ske lov,Godzijdank,Gudskjelov,Gudskelov,Dieu merci,web/audio/w2032.mp3
iftar (fastenbrechen):iftar,59,kulturlevel,kultur,iftar,Iftar (Fastenbrechen),iftar (breaking of the fast),iftar (oruç açma),iftar (måltiden som bryter fastan),iftar (het verbreken van het vasten),iftar (fastebrudd),iftar (fastebrud),iftar (rupture du jeûne),web/audio/w2033.mp3
insallah (so gott will):inšallah,59,kulturlevel,kultur,inšallah,Insallah (so Gott will),inšallah (God willing),inşallah (Allah izin verirse),inšallah (om Gud vill),inšallah (als God het wil),inšallah (om Gud vil),inšallah (hvis Gud vil),inšallah (si Dieu le veut),web/audio/w2034.mp3
"masallah (wie schoen, gott schuetze es):mašallah",59,kulturlevel,kultur,mašallah,"Masallah (wie schoen, Gott schuetze es)","mašallah (how lovely, may God protect it)","maşallah (ne güzel, Allah korusun)","mašallah (vad vackert, må Gud bevara det)","mašallah (wat mooi, moge God het behoeden)","mašallah (så fint, Gud bevare det)","mašallah (hvor smukt, Gud bevare det)","mašallah (que c'est beau, que Dieu le protège)",web/audio/w2035.mp3
ramadanfest / opferfest:Ramazanski bajram / Kurban-bajram,59,kulturlevel,kultur,Ramazanski bajram / Kurban-bajram,Ramadanfest / Opferfest,Ramadan Bajram / Kurban Bajram (Eid al-Fitr / Eid al-Adha),Ramazan Bayramı / Kurban Bayramı,ramadanfesten (id al-fitr) / offerhögtiden (id al-adha),Suikerfeest (Ramadanfeest) / Offerfeest,ramadanfest / offerfest,ramadanfest / offerfest,fête de la fin du Ramadan / fête du Sacrifice,web/audio/w2243.mp3
so gott will / hoffentlich:Ako Bog da,59,kulturlevel,kultur,Ako Bog da,So Gott will / hoffentlich,God willing / hopefully,Allah izin verirse / umarım,om Gud vill / förhoppningsvis,Als God het wil / hopelijk,Om Gud vil / forhåpentligvis,hvis Gud vil / forhåbentlig,si Dieu le veut / espérons-le,web/audio/w2037.mp3
"bujrum (bitte, greif zu / komm herein):bujrum",59,kulturlevel,kultur,bujrum,"Bujrum (bitte, greif zu / komm herein)","bujrum (please, help yourself / come in)",bujrum (buyurun: al / içeri gel),"bujrum (varsågod, ta för dig / stig in)","bujrum (alsjeblieft, tast toe / kom binnen)",bujrum (forsyn deg / kom inn),"bujrum (værsgo, tag for dig / kom indenfor)","bujrum (je t'en prie, sers-toi / entre)",web/audio/w2038.mp3
danke fuer die einladung:Hvala na pozivu,59,kulturlevel,kultur,Hvala na pozivu,Danke fuer die Einladung,Thank you for the invitation,Davet için teşekkürler,Tack för inbjudan,Bedankt voor de uitnodiging,Takk for invitasjonen,Tak for invitationen,Merci pour l'invitation,web/audio/w2039.mp3
"danke, ich bin satt (m/w):Hvala, sit sam / sita sam",59,kulturlevel,kultur,"Hvala, sit sam / sita sam","Danke, ich bin satt (m/w)","Thank you, I am full (m/f)","Teşekkürler, doydum (erkek / kadın)","Tack, jag är mätt (m/k)","Dank je, ik zit vol (m/v)","Takk, jeg er mett (m/k)","Tak, jeg er mæt (m/k)","Merci, je suis rassasié / rassasiée",web/audio/w2244.mp3
es war sehr lecker:Bilo je jako ukusno,59,kulturlevel,kultur,Bilo je jako ukusno,Es war sehr lecker,It was very tasty,Çok lezzetliydi,Det var mycket gott,Het was heel lekker,Det var veldig godt,Det var meget lækkert,C'était vraiment délicieux,web/audio/w2041.mp3
gastgeber / gastgeberin:domaćin / domaćica,59,kulturlevel,kultur,domaćin / domaćica,Gastgeber / Gastgeberin,host / hostess,ev sahibi (erkek / kadın),värd / värdinna,gastheer / gastvrouw,vert / vertinne,vært / værtinde,hôte / hôtesse,web/audio/w2245.mp3
jemanden einladen (bezahlen):častiti,59,kulturlevel,kultur,častiti,jemanden einladen (bezahlen),to treat someone (to pay for them),ısmarlamak (hesabı ödemek),bjuda någon (betala),iemand trakteren (betalen),spandere på noen,invitere nogen (betale),inviter quelqu'un (payer l'addition),web/audio/w2042.mp3
noch ein bisschen?:Još malo?,59,kulturlevel,kultur,Još malo?,Noch ein bisschen?,A bit more?,Biraz daha ister misin?,Lite till?,Nog een beetje?,Litt til?,Lidt til?,Encore un peu ?,web/audio/w2043.mp3
sie (höflich):Vi,60,formell,amt,Vi,Sie (höflich),you (polite),siz (kibar),ni (artigt),u (beleefd),De (høflig),De (høfligt),vous (politesse),web/audio/w0934.mp3
herr:gospodin,60,formell,amt,gospodin,Herr,Mr,Bay,herr,meneer,herr,hr.,monsieur,web/audio/w0935.mp3
frau:gospođa,60,formell,amt,gospođa,Frau,Mrs,Bayan,fru,mevrouw,fru,fru,madame,web/audio/w0936.mp3
fräulein:gospođica,60,formell,amt,gospođica,Fräulein,Miss,Küçük Hanım,fröken,juffrouw,frøken,frøken,mademoiselle,web/audio/w0937.mp3
"guten tag, wie geht es ihnen?:Dobar dan, kako ste?",60,formell,amt,"Dobar dan, kako ste?","Guten Tag, wie geht es Ihnen?","Good day, how are you?","İyi günler, nasılsınız?","God dag, hur mår ni?","Goedendag, hoe gaat het met u?","God dag, hvordan går det med Dem?","Goddag, hvordan går det med Dem?","Bonjour, comment allez-vous ?",web/audio/w0938.mp3
bitte sehr (beim überreichen):Izvolite,60,formell,amt,Izvolite,Bitte sehr (beim Überreichen),Here you are (handing something over),Buyurun (bir şey uzatırken),Varsågod (när man räcker över något),Alstublieft (bij het aangeven),Vær så god (når man rekker over noe),Værsgo (når man rækker noget),Voilà (en tendant quelque chose),web/audio/w0939.mp3
"entschuldigen sie bitte:Izvinite, molim Vas",60,formell,amt,"Izvinite, molim Vas",Entschuldigen Sie bitte,"Excuse me, please",Affedersiniz lütfen,Ursäkta mig,Neemt u mij niet kwalijk,Unnskyld meg,Undskyld mig,"Excusez-moi, s'il vous plaît",web/audio/w0940.mp3
könnten sie mir helfen?:Možete li mi pomoći?,60,formell,amt,Možete li mi pomoći?,Könnten Sie mir helfen?,Could you help me?,Bana yardım edebilir misiniz?,Skulle ni kunna hjälpa mig?,Zou u mij kunnen helpen?,Kunne De hjelpe meg?,Kunne De hjælpe mig?,Pourriez-vous m'aider ?,web/audio/w0941.mp3
darf ich?:Smijem li?,60,formell,amt,Smijem li?,Darf ich?,May I?,İzin verir misiniz?,Får jag lov?,Mag ik?,Får jeg lov?,Må jeg?,Vous permettez ?,web/audio/w0942.mp3
selbstverständlich:Naravno,60,formell,amt,Naravno,Selbstverständlich,Of course,Elbette,Självklart,Vanzelfsprekend,Selvfølgelig,Selvfølgelig,Bien sûr,web/audio/w0943.mp3
es tut mir leid:Žao mi je,60,formell,amt,Žao mi je,Es tut mir leid,I am sorry,Üzgünüm,Jag är ledsen,Het spijt me,Jeg beklager,Det er jeg ked af,Je suis désolé,web/audio/w0944.mp3
ich bitte um entschuldigung:Molim za izvinjenje,60,formell,amt,Molim za izvinjenje,Ich bitte um Entschuldigung,I apologize / I do apologize,Sizden özür dilerim,Jag vill gärna be om ursäkt,Ik bied mijn excuses aan,Jeg vil gjerne be om unnskyldning,Jeg beklager,Je vous prie de m'excuser,web/audio/w0945.mp3
"einen moment, bitte:Trenutak, molim",60,formell,amt,"Trenutak, molim","Einen Moment, bitte","One moment, please","Bir dakika, lütfen","Ett ögonblick, tack","Een moment, alstublieft","Et øyeblikk, takk","Et øjeblik, tak","Un instant, s'il vous plaît",web/audio/w0946.mp3
wie bitte?:Molim?,60,formell,amt,Molim?,Wie bitte?,Pardon?,Efendim?,"Ursäkta, vad sa ni?",Pardon?,"Unnskyld, hva sa du?","Undskyld, hvad sagde De?",Pardon ?,web/audio/w0947.mp3
ich danke ihnen:Zahvaljujem Vam,60,formell,amt,Zahvaljujem Vam,Ich danke Ihnen,Thank you (formal),Size teşekkür ederim,Jag tackar er,Ik dank u,Jeg takker Dem,Jeg takker Dem,Je vous remercie,web/audio/w0948.mp3
vielen dank für ihre hilfe:Hvala Vam na pomoći,60,formell,amt,Hvala Vam na pomoći,Vielen Dank für Ihre Hilfe,Thank you for your help,Yardımınız için çok teşekkürler,Tack för er hjälp,Hartelijk dank voor uw hulp,Tusen takk for hjelpen,Mange tak for Deres hjælp,Merci beaucoup pour votre aide,web/audio/w0949.mp3
sehr geehrter herr:Poštovani gospodine,60,formell,amt,Poštovani gospodine,Sehr geehrter Herr,Dear Sir,Sayın Bay,Bäste herr,Geachte heer,Kjære herr,Kære hr.,"Monsieur,",web/audio/w0950.mp3
sehr geehrte frau:Poštovana gospođo,60,formell,amt,Poštovana gospođo,Sehr geehrte Frau,Dear Madam,Sayın Bayan,Bästa fru,Geachte mevrouw,Kjære fru,Kære fru,"Madame,",web/audio/w0951.mp3
mit freundlichen grüßen:S poštovanjem,60,formell,amt,S poštovanjem,Mit freundlichen Grüßen,Yours sincerely,Saygılarımla,Med vänliga hälsningar,Met vriendelijke groet,Med vennlig hilsen,Med venlig hilsen,Cordialement,web/audio/w0952.mp3
gemeinde / gemeindeamt:općina,61,amt,amt,općina,Gemeinde / Gemeindeamt,municipality / municipal office,belediye,kommun / kommunkontor,gemeente / gemeentehuis,kommune / kommunekontor,kommune / borgerservice,commune / mairie,web/audio/w0953.mp3
antrag:zahtjev,61,amt,amt,zahtjev,Antrag,application,başvuru,ansökan,aanvraag,søknad,ansøgning,demande,web/audio/w0954.mp3
formular:obrazac,61,amt,amt,obrazac,Formular,form,form,blankett,formulier,skjema,blanket,formulaire,web/audio/w0955.mp3
dokument:dokument,61,amt,amt,dokument,Dokument,document,belge,handling,document,dokument,dokument,document,web/audio/w0956.mp3
personalausweis:lična karta,61,amt,amt,lična karta,Personalausweis,ID card,kimlik kartı,id-kort,identiteitskaart,ID-kort,ID-kort,carte d'identité,web/audio/w0957.mp3
reisepass:pasoš,61,amt,amt,pasoš,Reisepass,passport,pasaport,pass,paspoort,pass,pas,passeport,web/audio/w0958.mp3
führerschein:vozačka dozvola,61,amt,amt,vozačka dozvola,Führerschein,driver's license,ehliyet,körkort,rijbewijs,førerkort,kørekort,permis de conduire,web/audio/w0959.mp3
geburtsurkunde:rodni list,61,amt,amt,rodni list,Geburtsurkunde,birth certificate,doğum belgesi,födelsebevis,geboorteakte,fødselsattest,fødselsattest,acte de naissance,web/audio/w0960.mp3
heiratsurkunde:vjenčani list,61,amt,amt,vjenčani list,Heiratsurkunde,marriage certificate,evlenme belgesi,vigselbevis,huwelijksakte,vigselsattest,vielsesattest,acte de mariage,web/audio/w0961.mp3
staatsbürgerschaft:državljanstvo,61,amt,amt,državljanstvo,Staatsbürgerschaft,citizenship,vatandaşlık,medborgarskap,nationaliteit,statsborgerskap,statsborgerskab,nationalité,web/audio/w0962.mp3
bescheinigung:potvrda,61,amt,amt,potvrda,Bescheinigung,certificate,belge / onay yazısı,intyg,verklaring,attest,attest,attestation,web/audio/w0963.mp3
wohnsitz:prebivalište,61,amt,amt,prebivalište,Wohnsitz,place of residence,ikametgâh,folkbokföringsadress,woonplaats,bosted,bopæl,domicile,web/audio/w0964.mp3
anmeldung (wohnsitz):prijava prebivališta,61,amt,amt,prijava prebivališta,Anmeldung (Wohnsitz),residence registration,ikamet kaydı,folkbokföring,inschrijving bij de gemeente,folkeregistrering,folkeregistrering,déclaration de domicile,web/audio/w0965.mp3
aufenthaltserlaubnis:boravišna dozvola,61,amt,amt,boravišna dozvola,Aufenthaltserlaubnis,residence permit,oturma izni,uppehållstillstånd,verblijfsvergunning,oppholdstillatelse,opholdstilladelse,titre de séjour,web/audio/w0966.mp3
arbeitserlaubnis:radna dozvola,61,amt,amt,radna dozvola,Arbeitserlaubnis,work permit,çalışma izni,arbetstillstånd,werkvergunning,arbeidstillatelse,arbejdstilladelse,permis de travail,web/audio/w0967.mp3
unterschrift:potpis,61,amt,amt,potpis,Unterschrift,signature,imza,underskrift,handtekening,underskrift,underskrift,signature,web/audio/w0968.mp3
stempel:pečat,61,amt,amt,pečat,Stempel,stamp,mühür,stämpel,stempel,stempel,stempel,cachet,web/audio/w0969.mp3
beglaubigung:ovjera,61,amt,amt,ovjera,Beglaubigung,certification,onay / tasdik,bestyrkande,waarmerking,bekreftelse,bekræftelse,certification,web/audio/w0970.mp3
kopie:kopija,61,amt,amt,kopija,Kopie,copy,fotokopi,kopia,kopie,kopi,kopi,copie,web/audio/w0971.mp3
original:original,61,amt,amt,original,Original,original,asıl nüsha,original,origineel,original,original,original,web/audio/w0972.mp3
termin:termin,61,amt,amt,termin,Termin,appointment,randevu,tid (bokad),afspraak,time (avtalt),tid (aftalt),rendez-vous,web/audio/w0973.mp3
frist:rok,61,amt,amt,rok,Frist,deadline,süre,tidsfrist,termijn,frist,frist,délai,web/audio/w0974.mp3
gebühr:taksa,61,amt,amt,taksa,Gebühr,fee,harç,avgift,leges,gebyr,gebyr,taxe,web/audio/w0975.mp3
steuer:porez,61,amt,amt,porez,Steuer,tax,vergi,skatt,belasting,skatt,skat,impôt,web/audio/w0976.mp3
versicherung:osiguranje,61,amt,amt,osiguranje,Versicherung,insurance,sigorta,försäkring,verzekering,forsikring,forsikring,assurance,web/audio/w0977.mp3
krankenversicherung:zdravstveno osiguranje,61,amt,amt,zdravstveno osiguranje,Krankenversicherung,health insurance,sağlık sigortası,sjukförsäkring,zorgverzekering,helseforsikring,sygeforsikring,assurance maladie,web/audio/w0978.mp3
vertrag:ugovor,61,amt,amt,ugovor,Vertrag,contract,sözleşme,avtal,contract,avtale,kontrakt,contrat,web/audio/w0979.mp3
bank:banka,61,amt,amt,banka,Bank,bank,banka,bank,bank,bank,bank,banque,web/audio/w0980.mp3
konto:račun,61,amt,amt,račun,Konto,account,hesap,konto,rekening,konto,konto,compte,web/audio/w0981.mp3
post:pošta,61,amt,amt,pošta,Post,post office,postane,post,postkantoor,postkontor,posthus,bureau de poste,web/audio/w0982.mp3
polizei:policija,61,amt,amt,policija,Polizei,police,polis,polis,politie,politi,politi,police,web/audio/w0983.mp3
gericht:sud,61,amt,amt,sud,Gericht,court,mahkeme,domstol,rechtbank,domstol,domstol,tribunal,web/audio/w0984.mp3
anwalt:advokat,61,amt,amt,advokat,Anwalt,lawyer,avukat,advokat,advocaat,advokat,advokat,avocat,web/audio/w0985.mp3
notar:notar,61,amt,amt,notar,Notar,notary,noter,notarius publicus,notaris,notarius publicus,notar,notaire,web/audio/w0986.mp3
botschaft:ambasada,61,amt,amt,ambasada,Botschaft,embassy,büyükelçilik,ambassad,ambassade,ambassade,ambassade,ambassade,web/audio/w0987.mp3
grenze:granica,61,amt,amt,granica,Grenze,border,sınır,gräns,grens,grense,grænse,frontière,web/audio/w0988.mp3
zoll:carina,61,amt,amt,carina,Zoll,customs,gümrük,tull,douane,toll,told,douane,web/audio/w0989.mp3
ich brauche eine bescheinigung:Trebam potvrdu,61,amt,amt,Trebam potvrdu,Ich brauche eine Bescheinigung,I need a certificate,Bir belgeye ihtiyacım var,Jag behöver ett intyg,Ik heb een verklaring nodig,Jeg trenger en attest,Jeg har brug for en attest,J'ai besoin d'une attestation,web/audio/w0990.mp3
wo muss ich unterschreiben?:Gdje trebam potpisati?,61,amt,amt,Gdje trebam potpisati?,Wo muss ich unterschreiben?,Where do I have to sign?,Nereyi imzalamam gerekiyor?,Var ska jag skriva under?,Waar moet ik tekenen?,Hvor skal jeg skrive under?,Hvor skal jeg skrive under?,Où dois-je signer ?,web/audio/w0991.mp3
welche dokumente brauche ich?:Koji dokumenti mi trebaju?,61,amt,amt,Koji dokumenti mi trebaju?,Welche Dokumente brauche ich?,Which documents do I need?,Hangi belgeler gerekiyor?,Vilka handlingar behöver jag?,Welke documenten heb ik nodig?,Hvilke dokumenter trenger jeg?,Hvilke dokumenter har jeg brug for?,Quels documents me faut-il ?,web/audio/w0992.mp3
bankkonto:bankovni račun,62,bank,amt,bankovni račun,Bankkonto,bank account,banka hesabı,bankkonto,bankrekening,bankkonto,bankkonto,compte bancaire,web/audio/w0993.mp3
konto eröffnen:otvoriti račun,62,bank,amt,otvoriti račun,Konto eröffnen,to open an account,hesap açmak,öppna ett konto,een rekening openen,åpne en konto,at åbne en konto,ouvrir un compte,web/audio/w0994.mp3
kredit:kredit,62,bank,amt,kredit,Kredit,loan,kredi,lån,lening,lån,lån,crédit,web/audio/w0995.mp3
zinsen:kamata,62,bank,amt,kamata,Zinsen,interest,faiz,ränta,rente,rente,renter,intérêts,web/audio/w0996.mp3
rate:rata,62,bank,amt,rata,Rate,installment,taksit,avbetalning,termijn (afbetaling),avdrag,afdrag,mensualité,web/audio/w0997.mp3
einzahlung:uplata,62,bank,amt,uplata,Einzahlung,deposit,para yatırma,insättning,storting,innskudd,indbetaling,dépôt,web/audio/w0998.mp3
auszahlung:isplata,62,bank,amt,isplata,Auszahlung,withdrawal,para çekme,uttag,opname,uttak,udbetaling,retrait,web/audio/w0999.mp3
überweisung:bankovni prijenos,62,bank,amt,bankovni prijenos,Überweisung,bank transfer,havale,överföring,overboeking,overføring,overførsel,virement,web/audio/w1000.mp3
zahlungsauftrag:nalog za plaćanje,62,bank,amt,nalog za plaćanje,Zahlungsauftrag,payment order,ödeme talimatı,betalningsuppdrag,betaalopdracht,betalingsoppdrag,betalingsordre,ordre de paiement,web/audio/w1001.mp3
bankkarte:bankovna kartica,62,bank,amt,bankovna kartica,Bankkarte,bank card,banka kartı,bankkort,bankpas,bankkort,betalingskort,carte bancaire,web/audio/w1002.mp3
geldautomat:bankomat,62,bank,amt,bankomat,Geldautomat,ATM,bankamatik,uttagsautomat,geldautomaat,minibank,hæveautomat,distributeur de billets,web/audio/w1003.mp3
geld abheben:podići novac,62,bank,amt,podići novac,Geld abheben,to withdraw money,para çekmek,ta ut pengar,geld opnemen,ta ut penger,at hæve penge,retirer de l'argent,web/audio/w1004.mp3
geld einzahlen:uplatiti novac,62,bank,amt,uplatiti novac,Geld einzahlen,to deposit money,para yatırmak,sätta in pengar,geld storten,sette inn penger,at indsætte penge,déposer de l'argent,web/audio/w1005.mp3
kontoauszug:izvod,62,bank,amt,izvod,Kontoauszug,account statement,hesap özeti,kontoutdrag,rekeningafschrift,kontoutskrift,kontoudtog,relevé de compte,web/audio/w1006.mp3
gebühr (bank):naknada,62,bank,amt,naknada,Gebühr (Bank),fee (bank),masraf (banka),avgift (bank),kosten (bank),gebyr (bank),gebyr (bank),frais (banque),web/audio/w1007.mp3
sparen / ersparnisse:štednja,62,bank,amt,štednja,Sparen / Ersparnisse,savings,tasarruf / birikim,sparande / besparingar,sparen / spaargeld,sparing / sparepenger,opsparing,épargne,web/audio/w1008.mp3
schulden:dug,62,bank,amt,dug,Schulden,debt,borç,skuld,schulden,gjeld,gæld,dette,web/audio/w1009.mp3
einkommen:prihod,62,bank,amt,prihod,Einkommen,income,gelir,inkomst,inkomen,inntekt,indkomst,revenu,web/audio/w1010.mp3
ausgaben / kosten:troškovi,62,bank,amt,troškovi,Ausgaben / Kosten,expenses,giderler,utgifter,uitgaven,utgifter,udgifter,dépenses,web/audio/w1011.mp3
wechselstube:mjenjačnica,62,bank,amt,mjenjačnica,Wechselstube,currency exchange office,döviz bürosu,växlingskontor,wisselkantoor,vekslingskontor,vekselkontor,bureau de change,web/audio/w1012.mp3
wechselkurs:kurs,62,bank,amt,kurs,Wechselkurs,exchange rate,döviz kuru,växelkurs,wisselkoers,vekslingskurs,vekselkurs,taux de change,web/audio/w1013.mp3
konvertible mark (währung):konvertibilna marka,62,bank,amt,konvertibilna marka,Konvertible Mark (Währung),"convertible mark (currency of Bosnia, KM)","konvertibl mark (Bosna para birimi, KM)","konvertibel mark (Bosniens valuta, KM)","convertibele mark (munt van Bosnië, KM)","konvertibel mark (Bosnias valuta, KM)","konvertibel mark (Bosniens valuta, KM)","mark convertible (monnaie de Bosnie, KM)",web/audio/w1014.mp3
euro:euro,62,bank,amt,euro,Euro,euro,avro,euro,euro,euro,euro,euro,web/audio/w1015.mp3
ich möchte ein konto eröffnen:Želim otvoriti račun,62,bank,amt,Želim otvoriti račun,Ich möchte ein Konto eröffnen,I would like to open an account,Hesap açmak istiyorum,Jag vill öppna ett konto,Ik wil een rekening openen,Jeg vil åpne en konto,Jeg vil gerne åbne en konto,Je voudrais ouvrir un compte,web/audio/w1016.mp3
wie hoch sind die zinsen?:Kolika je kamata?,62,bank,amt,Kolika je kamata?,Wie hoch sind die Zinsen?,What is the interest rate?,Faiz ne kadar?,Hur hög är räntan?,Hoe hoog is de rente?,Hvor høy er renta?,Hvor høje er renterne?,Quel est le taux d'intérêt ?,web/audio/w1017.mp3
kann ich in raten zahlen?:Mogu li platiti na rate?,62,bank,amt,Mogu li platiti na rate?,Kann ich in Raten zahlen?,Can I pay in installments?,Taksitle ödeyebilir miyim?,Kan jag delbetala?,Kan ik in termijnen betalen?,Kan jeg betale i avdrag?,Kan jeg betale i afdrag?,Je peux payer en plusieurs fois ?,web/audio/w1018.mp3
immobilie:nekretnina,63,immobilien,amt,nekretnina,Immobilie,real estate,gayrimenkul,fastighet,onroerend goed,eiendom,fast ejendom,bien immobilier,web/audio/w1019.mp3
ein haus kaufen:kupiti kuću,63,immobilien,amt,kupiti kuću,ein Haus kaufen,to buy a house,ev satın almak,köpa ett hus,een huis kopen,kjøpe et hus,at købe et hus,acheter une maison,web/audio/w1020.mp3
kaufvertrag:kupoprodajni ugovor,63,immobilien,amt,kupoprodajni ugovor,Kaufvertrag,purchase contract,satış sözleşmesi,köpekontrakt,koopakte,kjøpekontrakt,købsaftale,acte de vente,web/audio/w1021.mp3
verkäufer (vertragspartei):prodavac,63,immobilien,amt,prodavac,Verkäufer (Vertragspartei),seller,satıcı,säljare,verkoper,selger,sælger,vendeur,web/audio/w1022.mp3
käufer:kupac,63,immobilien,amt,kupac,Käufer,buyer,alıcı,köpare,koper,kjøper,køber,acheteur,web/audio/w1023.mp3
eigentümer:vlasnik,63,immobilien,amt,vlasnik,Eigentümer,owner,mülk sahibi,ägare,eigenaar,eier,ejer,propriétaire,web/audio/w1024.mp3
eigentum:vlasništvo,63,immobilien,amt,vlasništvo,Eigentum,ownership,mülkiyet,äganderätt,eigendom,eiendomsrett,ejendomsret,propriété,web/audio/w1025.mp3
grundbuch:zemljišna knjiga / gruntovnica,63,immobilien,amt,zemljišna knjiga / gruntovnica,Grundbuch,land register,tapu sicili,fastighetsregistret,openbare registers (eigendomsregister),grunnboka,tingbogen,registre foncier,web/audio/w2246.mp3
kataster:katastar,63,immobilien,amt,katastar,Kataster,cadastre,kadastro,fastighetskartan,kadaster,matrikkelen,matriklen,cadastre,web/audio/w1027.mp3
grundstück:zemljište,63,immobilien,amt,zemljište,Grundstück,plot of land,arsa,tomt,perceel,tomt,grund,terrain,web/audio/w1028.mp3
hypothek:hipoteka,63,immobilien,amt,hipoteka,Hypothek,mortgage,ipotek,bolån,hypotheek,boliglån,realkreditlån,hypothèque,web/audio/w1029.mp3
anzahlung:kapara,63,immobilien,amt,kapara,Anzahlung,down payment,kapora,handpenning,aanbetaling,forskudd,udbetaling (ved køb),acompte,web/audio/w1030.mp3
immobilienmakler:agent za nekretnine,63,immobilien,amt,agent za nekretnine,Immobilienmakler,real estate agent,emlakçı,mäklare,makelaar,eiendomsmegler,ejendomsmægler,agent immobilier,web/audio/w1031.mp3
schätzung / bewertung:procjena,63,immobilien,amt,procjena,Schätzung / Bewertung,appraisal,değerleme,värdering,taxatie,verdivurdering,vurdering,estimation,web/audio/w1032.mp3
über den preis verhandeln:pregovarati o cijeni,63,immobilien,amt,pregovarati o cijeni,über den Preis verhandeln,to negotiate the price,fiyat üzerinde pazarlık etmek,förhandla om priset,over de prijs onderhandelen,forhandle om prisen,at forhandle om prisen,négocier le prix,web/audio/w1033.mp3
baugenehmigung:građevinska dozvola,63,immobilien,amt,građevinska dozvola,Baugenehmigung,building permit,yapı ruhsatı,bygglov,bouwvergunning,byggetillatelse,byggetilladelse,permis de construire,web/audio/w1034.mp3
miete:kirija,63,immobilien,amt,kirija,Miete,rent,kira,hyra,huur,husleie,husleje,loyer,web/audio/w1035.mp3
mieten:iznajmiti,63,immobilien,amt,iznajmiti,mieten,to rent,kiralamak,hyra (verb),huren,leie,at leje,louer,web/audio/w1036.mp3
mieter:podstanar,63,immobilien,amt,podstanar,Mieter,tenant,kiracı,hyresgäst,huurder,leietaker,lejer,locataire,web/audio/w1037.mp3
vermieter:stanodavac,63,immobilien,amt,stanodavac,Vermieter,landlord,kiraya veren,hyresvärd,verhuurder,utleier,udlejer,propriétaire bailleur,web/audio/w1038.mp3
mietvertrag:ugovor o najmu,63,immobilien,amt,ugovor o najmu,Mietvertrag,rental agreement,kira sözleşmesi,hyresavtal,huurcontract,leiekontrakt,lejekontrakt,bail,web/audio/w1039.mp3
nebenkosten:režije,63,immobilien,amt,režije,Nebenkosten,utilities,faturalar,driftskostnader,servicekosten,felleskostnader,forbrugsudgifter,charges,web/audio/w1040.mp3
quadratmeter:kvadratni metar,63,immobilien,amt,kvadratni metar,Quadratmeter,square meter,metrekare,kvadratmeter,vierkante meter,kvadratmeter,kvadratmeter,mètre carré,web/audio/w1041.mp3
stockwerk:sprat,63,immobilien,amt,sprat,Stockwerk,storey,kat,våning,verdieping,etasje,etage,étage,web/audio/w1042.mp3
erdgeschoss:prizemlje,63,immobilien,amt,prizemlje,Erdgeschoss,ground floor,zemin kat,bottenvåning,begane grond,første etasje,stueetage,rez-de-chaussée,web/audio/w1043.mp3
umzug:selidba,63,immobilien,amt,selidba,Umzug,move,taşınma,flytt,verhuizing,flytting,flytning,déménagement,web/audio/w1044.mp3
einziehen:useliti se,63,immobilien,amt,useliti se,einziehen,to move in,taşınmak,flytta in,intrekken,flytte inn,at flytte ind,emménager,web/audio/w1045.mp3
ich möchte ein haus kaufen:Želim kupiti kuću,63,immobilien,amt,Želim kupiti kuću,Ich möchte ein Haus kaufen,I would like to buy a house,Bir ev almak istiyorum,Jag vill köpa ett hus,Ik wil een huis kopen,Jeg vil kjøpe et hus,Jeg vil gerne købe et hus,Je voudrais acheter une maison,web/audio/w1046.mp3
wie viel kostet das haus?:Koliko košta kuća?,63,immobilien,amt,Koliko košta kuća?,Wie viel kostet das Haus?,How much does the house cost?,Ev ne kadar?,Vad kostar huset?,Hoeveel kost het huis?,Hva koster huset?,Hvad koster huset?,Combien coûte la maison ?,web/audio/w1047.mp3
ist das haus im grundbuch eingetragen?:Je li kuća upisana u gruntovnicu?,63,immobilien,amt,Je li kuća upisana u gruntovnicu?,Ist das Haus im Grundbuch eingetragen?,Is the house entered in the land register?,Ev tapu siciline kayıtlı mı?,Är huset inskrivet i fastighetsregistret?,Staat het huis in het kadaster?,Er huset tinglyst i grunnboka?,Er huset tinglyst i tingbogen?,La maison est-elle inscrite au registre foncier ?,web/audio/w1048.mp3
arbeitsvertrag:ugovor o radu,64,arbeitsvertrag,amt,ugovor o radu,Arbeitsvertrag,employment contract,iş sözleşmesi,anställningsavtal,arbeidscontract,arbeidsavtale,ansættelseskontrakt,contrat de travail,web/audio/w1049.mp3
arbeitgeber:poslodavac,64,arbeitsvertrag,amt,poslodavac,Arbeitgeber,employer,işveren,arbetsgivare,werkgever,arbeidsgiver,arbejdsgiver,employeur,web/audio/w1050.mp3
arbeitnehmer:zaposlenik,64,arbeitsvertrag,amt,zaposlenik,Arbeitnehmer,employee,çalışan,anställd,werknemer,arbeidstaker,ansat,salarié,web/audio/w1051.mp3
bewerbung:prijava za posao,64,arbeitsvertrag,amt,prijava za posao,Bewerbung,job application,iş başvurusu,jobbansökan,sollicitatie,jobbsøknad,jobansøgning,candidature,web/audio/w1052.mp3
lebenslauf:biografija,64,arbeitsvertrag,amt,biografija,Lebenslauf,résumé,özgeçmiş,cv,cv,CV,CV,CV,web/audio/w1053.mp3
vorstellungsgespräch:razgovor za posao,64,arbeitsvertrag,amt,razgovor za posao,Vorstellungsgespräch,job interview,iş görüşmesi,anställningsintervju,sollicitatiegesprek,jobbintervju,jobsamtale,entretien d'embauche,web/audio/w1054.mp3
arbeitszeit:radno vrijeme,64,arbeitsvertrag,amt,radno vrijeme,Arbeitszeit,working hours,çalışma saatleri,arbetstid,werktijd,arbeidstid,arbejdstid,horaires de travail,web/audio/w1055.mp3
vollzeit:puno radno vrijeme,64,arbeitsvertrag,amt,puno radno vrijeme,Vollzeit,full time,tam zamanlı,heltid,voltijd,full stilling,fuldtid,temps plein,web/audio/w1056.mp3
teilzeit:nepuno radno vrijeme,64,arbeitsvertrag,amt,nepuno radno vrijeme,Teilzeit,part time,yarı zamanlı,deltid,deeltijd,deltid,deltid,temps partiel,web/audio/w1057.mp3
probezeit:probni rad,64,arbeitsvertrag,amt,probni rad,Probezeit,probation period,deneme süresi,provanställning,proeftijd,prøvetid,prøvetid,période d'essai,web/audio/w1058.mp3
kündigung:otkaz,64,arbeitsvertrag,amt,otkaz,Kündigung,notice of termination,fesih,uppsägning,ontslag,oppsigelse,opsigelse,licenciement,web/audio/w1059.mp3
bruttogehalt:bruto plata,64,arbeitsvertrag,amt,bruto plata,Bruttogehalt,gross salary,brüt maaş,bruttolön,brutosalaris,bruttolønn,bruttoløn,salaire brut,web/audio/w1060.mp3
nettogehalt:neto plata,64,arbeitsvertrag,amt,neto plata,Nettogehalt,net salary,net maaş,nettolön,nettosalaris,nettolønn,nettoløn,salaire net,web/audio/w1061.mp3
überstunden:prekovremeni rad,64,arbeitsvertrag,amt,prekovremeni rad,Überstunden,overtime,fazla mesai,övertid,overuren,overtid,overarbejde,heures supplémentaires,web/audio/w1062.mp3
rente:penzija,64,arbeitsvertrag,amt,penzija,Rente,pension,emekli maaşı,pension,pensioen,pensjon,pension,retraite,web/audio/w1063.mp3
krankschreibung:bolovanje,64,arbeitsvertrag,amt,bolovanje,Krankschreibung,sick leave,istirahat raporu,sjukskrivning,ziekmelding,sykmelding,sygemelding,arrêt de travail,web/audio/w1064.mp3
sozialversicherung:socijalno osiguranje,64,arbeitsvertrag,amt,socijalno osiguranje,Sozialversicherung,social insurance,sosyal sigorta,socialförsäkring,sociale verzekering,folketrygd,social sikring,sécurité sociale,web/audio/w1065.mp3
steuernummer:porezni broj,64,arbeitsvertrag,amt,porezni broj,Steuernummer,tax number,vergi numarası,skattenummer,fiscaal nummer,skattenummer,skattenummer,numéro fiscal,web/audio/w1066.mp3
zeugnis:svjedočanstvo,64,arbeitsvertrag,amt,svjedočanstvo,Zeugnis,certificate (school),diploma belgesi,betyg,getuigschrift,vitnemål,eksamensbevis,bulletin scolaire,web/audio/w1067.mp3
diplom:diploma,64,arbeitsvertrag,amt,diploma,Diplom,diploma,diploma,examensbevis,diploma,diplom,diplom,diplôme,web/audio/w1068.mp3
qualifikation:kvalifikacija,64,arbeitsvertrag,amt,kvalifikacija,Qualifikation,qualification,nitelik,kvalifikation,kwalificatie,kvalifikasjon,kvalifikation,qualification,web/audio/w1069.mp3
erfahrung:iskustvo,64,arbeitsvertrag,amt,iskustvo,Erfahrung,experience,deneyim,erfarenhet,ervaring,erfaring,erfaring,expérience,web/audio/w1070.mp3
verantwortung:odgovornost,64,arbeitsvertrag,amt,odgovornost,Verantwortung,responsibility,sorumluluk,ansvar,verantwoordelijkheid,ansvar,ansvar,responsabilité,web/audio/w1071.mp3
ich suche arbeit:Tražim posao,64,arbeitsvertrag,amt,Tražim posao,Ich suche Arbeit,I am looking for work,İş arıyorum,Jag söker jobb,Ik zoek werk,Jeg søker jobb,Jeg søger arbejde,Je cherche du travail,web/audio/w1072.mp3
ich habe fünf jahre erfahrung:Imam pet godina iskustva,64,arbeitsvertrag,amt,Imam pet godina iskustva,Ich habe fünf Jahre Erfahrung,I have five years of experience,Beş yıllık deneyimim var,Jag har fem års erfarenhet,Ik heb vijf jaar ervaring,Jeg har fem års erfaring,Jeg har fem års erfaring,J'ai cinq ans d'expérience,web/audio/w1073.mp3
versichertenkarte:zdravstvena knjižica,65,gesundheit,amt,zdravstvena knjižica,Versichertenkarte,health insurance card,sağlık karnesi,patientkort,zorgpas,helsekort,sundhedskort,carte d'assuré,web/audio/w1074.mp3
überweisung (zum facharzt):uputnica,65,gesundheit,amt,uputnica,Überweisung (zum Facharzt),referral (to a specialist),sevk (uzmana),remiss (till specialist),verwijsbrief (naar de specialist),henvisning (til spesialist),henvisning (til speciallæge),lettre d'adressage (vers un spécialiste),web/audio/w1075.mp3
rezept:recept,65,gesundheit,amt,recept,Rezept,prescription,reçete,recept,recept,resept,recept,ordonnance,web/audio/w1076.mp3
untersuchung:pregled,65,gesundheit,amt,pregled,Untersuchung,examination,muayene,undersökning,onderzoek,undersøkelse,undersøgelse,examen médical,web/audio/w1077.mp3
termin beim arzt:termin kod doktora,65,gesundheit,amt,termin kod doktora,Termin beim Arzt,doctor's appointment,doktor randevusu,läkartid,afspraak bij de dokter,legetime,tid hos lægen,rendez-vous chez le médecin,web/audio/w1078.mp3
notaufnahme / rettungsdienst:hitni prijem / hitna pomoć,65,gesundheit,amt,hitni prijem / hitna pomoć,Notaufnahme / Rettungsdienst,emergency room / ambulance service,acil servis / ambulans,akutmottagning / ambulans,spoedeisende hulp / ambulancedienst,akuttmottak / ambulanse,akutmodtagelse / ambulancetjeneste,urgences / secours,web/audio/w2247.mp3
hausarzt:porodični ljekar,65,gesundheit,amt,porodični ljekar,Hausarzt,family doctor,aile hekimi,husläkare,huisarts,fastlege,praktiserende læge,médecin traitant,web/audio/w1080.mp3
facharzt:specijalista,65,gesundheit,amt,specijalista,Facharzt,specialist,uzman doktor,specialistläkare,specialist,spesialist,speciallæge,spécialiste,web/audio/w1081.mp3
zahnarzt:zubar,65,gesundheit,amt,zubar,Zahnarzt,dentist,diş hekimi,tandläkare,tandarts,tannlege,tandlæge,dentiste,web/audio/w1082.mp3
krankenschwester:medicinska sestra,65,gesundheit,amt,medicinska sestra,Krankenschwester,nurse,hemşire,sjuksköterska,verpleegkundige,sykepleier,sygeplejerske,infirmière,web/audio/w1083.mp3
diagnose:dijagnoza,65,gesundheit,amt,dijagnoza,Diagnose,diagnosis,teşhis,diagnos,diagnose,diagnose,diagnose,diagnostic,web/audio/w1084.mp3
behandlung:liječenje,65,gesundheit,amt,liječenje,Behandlung,treatment,tedavi,behandling,behandeling,behandling,behandling,traitement,web/audio/w1085.mp3
operation:operacija,65,gesundheit,amt,operacija,Operation,surgery,ameliyat,operation,operatie,operasjon,operation,opération,web/audio/w1086.mp3
impfung:vakcina,65,gesundheit,amt,vakcina,Impfung,vaccination,aşı,vaccination,vaccinatie,vaksine,vaccination,vaccin,web/audio/w1087.mp3
blutdruck:krvni pritisak,65,gesundheit,amt,krvni pritisak,Blutdruck,blood pressure,tansiyon,blodtryck,bloeddruk,blodtrykk,blodtryk,tension,web/audio/w1088.mp3
allergie:alergija,65,gesundheit,amt,alergija,Allergie,allergy,alerji,allergi,allergie,allergi,allergi,allergie,web/audio/w1089.mp3
schmerzmittel:lijek protiv bolova,65,gesundheit,amt,lijek protiv bolova,Schmerzmittel,painkiller,ağrı kesici,smärtstillande,pijnstiller,smertestillende,smertestillende,antidouleur,web/audio/w1090.mp3
selbstbeteiligung:participacija,65,gesundheit,amt,participacija,Selbstbeteiligung,co-payment,katılım payı,patientavgift,eigen risico,egenandel,egenbetaling,reste à charge,web/audio/w1091.mp3
ich brauche einen termin:Trebam termin,65,gesundheit,amt,Trebam termin,Ich brauche einen Termin,I need an appointment,Randevuya ihtiyacım var,Jag behöver en tid,Ik heb een afspraak nodig,Jeg trenger en time,Jeg har brug for en tid,J'ai besoin d'un rendez-vous,web/audio/w1092.mp3
ich bin krankgeschrieben:Na bolovanju sam,65,gesundheit,amt,Na bolovanju sam,Ich bin krankgeschrieben,I am on sick leave,Raporluyum,Jag är sjukskriven,Ik ben ziekgemeld,Jeg er sykmeldt,Jeg er sygemeldt,Je suis en arrêt de travail,web/audio/w1093.mp3
wo tut es ihnen weh?:Gdje Vas boli?,65,gesundheit,amt,Gdje Vas boli?,Wo tut es Ihnen weh?,Where does it hurt?,Neresi ağrıyor?,Var gör det ont?,Waar doet het pijn?,Hvor gjør det vondt?,Hvor gør det ondt?,Où avez-vous mal ?,web/audio/w1094.mp3
ich bin allergisch auf ... (m/w):Alergičan sam na ... / Alergična sam na ...,65,gesundheit,amt,Alergičan sam na ... / Alergična sam na ...,Ich bin allergisch auf ... (m/w),I am allergic to ... (m/f),... alerjim var (e/k),Jag är allergisk mot ... (m/k),Ik ben allergisch voor ... (m/v),Jeg er allergisk mot ... (m/k),Jeg er allergisk over for ... (m/k),Je suis allergique à ... (m/f),web/audio/w2248.mp3
